MARY,2.63%,"8,536,305"
PATRICIA,1.07%,"3,484,007"
LINDA,1.04%,"3,360,622"
BARBARA,0.98%,"3,182,038"
ELIZABETH,0.94%,"3,042,418"
JENNIFER,0.93%,"3,026,183"
MARIA,0.83%,"2,688,498"
SUSAN,0.79%,"2,578,100"
MARGARET,0.77%,"2,493,679"
DOROTHY,0.73%,"2,360,553"
LISA,0.70%,"2,285,872"
NANCY,0.67%,"2,172,228"
KAREN,0.67%,"2,165,734"
BETTY,0.67%,"2,162,487"
HELEN,0.66%,"2,152,746"
SANDRA,0.63%,"2,042,349"
DONNA,0.58%,"1,892,988"
CAROL,0.57%,"1,834,543"
RUTH,0.56%,"1,824,802"
SHARON,0.52%,"1,694,922"
MICHELLE,0.52%,"1,685,182"
LAURA,0.51%,"1,655,959"
SARAH,0.51%,"1,649,465"
KIMBERLY,0.50%,"1,636,477"
DEBORAH,0.49%,"1,604,007"
JESSICA,0.49%,"1,591,019"
SHIRLEY,0.48%,"1,565,043"
CYNTHIA,0.47%,"1,522,833"
ANGELA,0.47%,"1,519,586"
MELISSA,0.46%,"1,500,104"
BRENDA,0.46%,"1,477,375"
AMY,0.45%,"1,464,387"
ANNA,0.44%,"1,428,670"
REBECCA,0.43%,"1,396,201"
VIRGINIA,0.43%,"1,396,201"
KATHLEEN,0.42%,"1,376,719"
PAMELA,0.42%,"1,350,743"
MARTHA,0.41%,"1,337,755"
DEBRA,0.41%,"1,324,767"
AMANDA,0.40%,"1,311,779"
STEPHANIE,0.40%,"1,298,791"
CAROLYN,0.39%,"1,250,087"
CHRISTINE,0.38%,"1,240,346"
MARIE,0.38%,"1,230,605"
JANET,0.38%,"1,230,605"
CATHERINE,0.37%,"1,211,123"
FRANCES,0.37%,"1,201,382"
ANN,0.36%,"1,181,900"
JOYCE,0.36%,"1,181,900"
DIANE,0.36%,"1,165,665"
ALICE,0.36%,"1,159,171"
JULIE,0.35%,"1,129,948"
HEATHER,0.34%,"1,094,232"
TERESA,0.34%,"1,090,985"
DORIS,0.34%,"1,087,738"
GLORIA,0.34%,"1,087,738"
EVELYN,0.32%,"1,045,527"
JEAN,0.32%,"1,022,798"
CHERYL,0.32%,"1,022,798"
MILDRED,0.31%,"1,016,304"
KATHERINE,0.31%,"1,016,304"
JOAN,0.31%,"993,575"
ASHLEY,0.30%,"983,834"
JUDITH,0.30%,"964,352"
ROSE,0.30%,"961,105"
JANICE,0.29%,"925,389"
KELLY,0.28%,"918,895"
NICOLE,0.28%,"912,401"
JUDY,0.28%,"896,166"
CHRISTINA,0.28%,"892,919"
KATHY,0.27%,"883,178"
THERESA,0.27%,"879,931"
BEVERLY,0.27%,"866,943"
DENISE,0.26%,"857,202"
TAMMY,0.26%,"840,967"
IRENE,0.25%,"818,238"
JANE,0.25%,"811,744"
LORI,0.25%,"805,251"
RACHEL,0.24%,"785,769"
MARILYN,0.24%,"782,522"
ANDREA,0.24%,"766,287"
KATHRYN,0.23%,"759,793"
LOUISE,0.23%,"743,558"
SARA,0.23%,"743,558"
ANNE,0.23%,"740,311"
JACQUELINE,0.23%,"740,311"
WANDA,0.23%,"733,817"
BONNIE,0.22%,"724,076"
JULIA,0.22%,"724,076"
RUBY,0.22%,"717,582"
LOIS,0.22%,"714,335"
TINA,0.22%,"714,335"
PHYLLIS,0.22%,"711,088"
NORMA,0.22%,"707,841"
PAULA,0.22%,"704,594"
DIANA,0.22%,"701,347"
ANNIE,0.22%,"701,347"
LILLIAN,0.21%,"685,112"
EMILY,0.21%,"675,371"
ROBIN,0.21%,"675,371"
PEGGY,0.21%,"675,371"
CRYSTAL,0.21%,"672,124"
GLADYS,0.21%,"665,630"
RITA,0.20%,"662,384"
DAWN,0.20%,"655,890"
CONNIE,0.20%,"649,396"
FLORENCE,0.20%,"649,396"
TRACY,0.20%,"639,655"
EDNA,0.20%,"639,655"
TIFFANY,0.20%,"633,161"
CARMEN,0.20%,"633,161"
ROSA,0.19%,"629,914"
CINDY,0.19%,"623,420"
GRACE,0.19%,"613,679"
WENDY,0.19%,"600,691"
VICTORIA,0.18%,"584,456"
EDITH,0.18%,"581,209"
KIM,0.18%,"577,962"
SHERRY,0.18%,"577,962"
SYLVIA,0.18%,"574,715"
JOSEPHINE,0.18%,"574,715"
THELMA,0.18%,"568,221"
SHANNON,0.18%,"568,221"
SHEILA,0.18%,"568,221"
ETHEL,0.17%,"564,974"
ELLEN,0.17%,"561,727"
ELAINE,0.17%,"561,727"
MARJORIE,0.17%,"561,727"
CARRIE,0.17%,"555,233"
CHARLOTTE,0.17%,"548,739"
MONICA,0.17%,"538,998"
ESTHER,0.17%,"538,998"
PAULINE,0.17%,"535,751"
EMMA,0.17%,"535,751"
JUANITA,0.16%,"532,504"
ANITA,0.16%,"526,010"
RHONDA,0.16%,"526,010"
HAZEL,0.16%,"522,763"
AMBER,0.16%,"519,516"
EVA,0.16%,"516,269"
DEBBIE,0.16%,"509,776"
APRIL,0.15%,"500,035"
LESLIE,0.15%,"500,035"
CLARA,0.15%,"496,788"
LUCILLE,0.15%,"496,788"
JAMIE,0.15%,"496,788"
JOANNE,0.15%,"487,047"
ELEANOR,0.15%,"487,047"
VALERIE,0.15%,"483,800"
DANIELLE,0.15%,"483,800"
MEGAN,0.15%,"477,306"
ALICIA,0.15%,"474,059"
SUZANNE,0.15%,"470,812"
MICHELE,0.15%,"470,812"
GAIL,0.15%,"470,812"
BERTHA,0.14%,"464,318"
DARLENE,0.14%,"461,071"
VERONICA,0.14%,"461,071"
JILL,0.14%,"461,071"
ERIN,0.14%,"457,824"
GERALDINE,0.14%,"457,824"
LAUREN,0.14%,"444,836"
CATHY,0.14%,"444,836"
JOANN,0.14%,"441,589"
LORRAINE,0.14%,"438,342"
LYNN,0.14%,"438,342"
SALLY,0.14%,"438,342"
REGINA,0.13%,"431,848"
ERICA,0.13%,"422,107"
BEATRICE,0.13%,"422,107"
DOLORES,0.13%,"418,860"
BERNICE,0.13%,"415,613"
AUDREY,0.13%,"412,366"
YVONNE,0.13%,"409,119"
ANNETTE,0.13%,"405,872"
JUNE,0.13%,"405,872"
SAMANTHA,0.12%,"402,625"
MARION,0.12%,"396,131"
DANA,0.12%,"396,131"
STACY,0.12%,"392,884"
ANA,0.12%,"389,637"
RENEE,0.12%,"389,637"
IDA,0.12%,"383,143"
VIVIAN,0.12%,"383,143"
ROBERTA,0.12%,"379,896"
HOLLY,0.12%,"379,896"
BRITTANY,0.12%,"379,896"
MELANIE,0.12%,"376,649"
LORETTA,0.12%,"373,402"
YOLANDA,0.12%,"373,402"
JEANETTE,0.12%,"373,402"
LAURIE,0.11%,"370,155"
KATIE,0.11%,"366,909"
KRISTEN,0.11%,"360,415"
VANESSA,0.11%,"360,415"
ALMA,0.11%,"360,415"
SUE,0.11%,"360,415"
ELSIE,0.11%,"357,168"
BETH,0.11%,"357,168"
JEANNE,0.11%,"353,921"
VICKI,0.11%,"353,921"
CARLA,0.11%,"347,427"
TARA,0.11%,"347,427"
ROSEMARY,0.11%,"347,427"
EILEEN,0.11%,"340,933"
TERRI,0.11%,"340,933"
GERTRUDE,0.10%,"334,439"
LUCY,0.10%,"334,439"
TONYA,0.10%,"331,192"
ELLA,0.10%,"327,945"
STACEY,0.10%,"327,945"
WILMA,0.10%,"321,451"
GINA,0.10%,"321,451"
KRISTIN,0.10%,"321,451"
JESSIE,0.10%,"318,204"
NATALIE,0.10%,"318,204"
AGNES,0.10%,"318,204"
VERA,0.10%,"318,204"
WILLIE,0.10%,"314,957"
CHARLENE,0.10%,"314,957"
BESSIE,0.10%,"311,710"
DELORES,0.10%,"308,463"
MELINDA,0.09%,"305,216"
PEARL,0.09%,"305,216"
ARLENE,0.09%,"305,216"
MAUREEN,0.09%,"298,722"
COLLEEN,0.09%,"298,722"
ALLISON,0.09%,"298,722"
TAMARA,0.09%,"298,722"
JOY,0.09%,"295,475"
GEORGIA,0.09%,"295,475"
CONSTANCE,0.09%,"295,475"
LILLIE,0.09%,"292,228"
CLAUDIA,0.09%,"292,228"
JACKIE,0.09%,"292,228"
MARCIA,0.09%,"292,228"
TANYA,0.09%,"288,981"
NELLIE,0.09%,"288,981"
MINNIE,0.09%,"288,981"
MARLENE,0.09%,"285,734"
HEIDI,0.09%,"285,734"
GLENDA,0.09%,"285,734"
LYDIA,0.09%,"279,240"
VIOLA,0.09%,"279,240"
COURTNEY,0.09%,"279,240"
MARIAN,0.09%,"279,240"
STELLA,0.09%,"275,993"
CAROLINE,0.09%,"275,993"
DORA,0.08%,"272,746"
JO,0.08%,"269,499"
VICKIE,0.08%,"266,252"
MATTIE,0.08%,"263,005"
TERRY,0.08%,"259,758"
MAXINE,0.08%,"256,511"
IRMA,0.08%,"256,511"
MABEL,0.08%,"253,264"
MARSHA,0.08%,"253,264"
MYRTLE,0.08%,"253,264"
LENA,0.08%,"250,017"
CHRISTY,0.08%,"250,017"
DEANNA,0.08%,"246,770"
PATSY,0.08%,"246,770"
HILDA,0.08%,"243,523"
GWENDOLYN,0.07%,"240,276"
JENNIE,0.07%,"237,029"
NORA,0.07%,"237,029"
MARGIE,0.07%,"233,782"
NINA,0.07%,"233,782"
CASSANDRA,0.07%,"233,782"
LEAH,0.07%,"233,782"
PENNY,0.07%,"230,535"
KAY,0.07%,"230,535"
PRISCILLA,0.07%,"230,535"
NAOMI,0.07%,"230,535"
CAROLE,0.07%,"230,535"
BRANDY,0.07%,"227,288"
OLGA,0.07%,"227,288"
BILLIE,0.07%,"224,041"
DIANNE,0.07%,"224,041"
TRACEY,0.07%,"224,041"
LEONA,0.07%,"224,041"
JENNY,0.07%,"220,795"
FELICIA,0.07%,"220,795"
SONIA,0.07%,"220,795"
MIRIAM,0.07%,"214,301"
VELMA,0.07%,"214,301"
BECKY,0.07%,"214,301"
BOBBIE,0.07%,"211,054"
VIOLET,0.07%,"211,054"
KRISTINA,0.07%,"211,054"
TONI,0.06%,"207,807"
MISTY,0.06%,"204,560"
MAE,0.06%,"204,560"
SHELLY,0.06%,"201,313"
DAISY,0.06%,"201,313"
RAMONA,0.06%,"201,313"
SHERRI,0.06%,"201,313"
ERIKA,0.06%,"198,066"
KATRINA,0.06%,"198,066"
CLAIRE,0.06%,"198,066"
LINDSEY,0.06%,"194,819"
LINDSAY,0.06%,"194,819"
GENEVA,0.06%,"191,572"
GUADALUPE,0.06%,"191,572"
BELINDA,0.06%,"191,572"
MARGARITA,0.06%,"191,572"
SHERYL,0.06%,"191,572"
CORA,0.06%,"188,325"
FAYE,0.06%,"188,325"
ADA,0.06%,"185,078"
NATASHA,0.06%,"185,078"
SABRINA,0.06%,"185,078"
ISABEL,0.06%,"185,078"
MARGUERITE,0.06%,"181,831"
HATTIE,0.06%,"181,831"
HARRIET,0.06%,"181,831"
MOLLY,0.06%,"178,584"
CECILIA,0.06%,"178,584"
KRISTI,0.06%,"178,584"
BRANDI,0.06%,"178,584"
BLANCHE,0.06%,"178,584"
SANDY,0.06%,"178,584"
ROSIE,0.06%,"178,584"
JOANNA,0.06%,"178,584"
IRIS,0.06%,"178,584"
EUNICE,0.05%,"175,337"
ANGIE,0.05%,"175,337"
INEZ,0.05%,"172,090"
LYNDA,0.05%,"172,090"
MADELINE,0.05%,"168,843"
AMELIA,0.05%,"168,843"
ALBERTA,0.05%,"168,843"
GENEVIEVE,0.05%,"165,596"
MONIQUE,0.05%,"165,596"
JODI,0.05%,"165,596"
JANIE,0.05%,"165,596"
MAGGIE,0.05%,"165,596"
KAYLA,0.05%,"165,596"
SONYA,0.05%,"165,596"
JAN,0.05%,"165,596"
LEE,0.05%,"165,596"
KRISTINE,0.05%,"165,596"
CANDACE,0.05%,"165,596"
FANNIE,0.05%,"162,349"
MARYANN,0.05%,"162,349"
OPAL,0.05%,"162,349"
ALISON,0.05%,"162,349"
YVETTE,0.05%,"162,349"
MELODY,0.05%,"162,349"
LUZ,0.05%,"159,102"
SUSIE,0.05%,"159,102"
OLIVIA,0.05%,"159,102"
FLORA,0.05%,"159,102"
SHELLEY,0.05%,"159,102"
KRISTY,0.05%,"155,855"
MAMIE,0.05%,"155,855"
LULA,0.05%,"155,855"
LOLA,0.05%,"155,855"
VERNA,0.05%,"155,855"
BEULAH,0.05%,"155,855"
ANTOINETTE,0.05%,"155,855"
CANDICE,0.05%,"149,361"
JUANA,0.05%,"149,361"
JEANNETTE,0.05%,"149,361"
PAM,0.05%,"149,361"
KELLI,0.05%,"149,361"
HANNAH,0.05%,"146,114"
WHITNEY,0.05%,"146,114"
BRIDGET,0.05%,"146,114"
KARLA,0.04%,"142,867"
CELIA,0.04%,"142,867"
LATOYA,0.04%,"139,620"
PATTY,0.04%,"139,620"
SHELIA,0.04%,"139,620"
GAYLE,0.04%,"139,620"
DELLA,0.04%,"139,620"
VICKY,0.04%,"139,620"
LYNNE,0.04%,"139,620"
SHERI,0.04%,"136,373"
MARIANNE,0.04%,"136,373"
KARA,0.04%,"133,126"
JACQUELYN,0.04%,"133,126"
ERMA,0.04%,"133,126"
BLANCA,0.04%,"133,126"
MYRA,0.04%,"129,879"
LETICIA,0.04%,"129,879"
PAT,0.04%,"129,879"
KRISTA,0.04%,"129,879"
ROXANNE,0.04%,"129,879"
ANGELICA,0.04%,"126,632"
JOHNNIE,0.04%,"126,632"
ROBYN,0.04%,"126,632"
FRANCIS,0.04%,"126,632"
ADRIENNE,0.04%,"126,632"
ROSALIE,0.04%,"126,632"
ALEXANDRA,0.04%,"126,632"
BROOKE,0.04%,"126,632"
BETHANY,0.04%,"126,632"
SADIE,0.04%,"126,632"
BERNADETTE,0.04%,"126,632"
TRACI,0.04%,"123,385"
JODY,0.04%,"123,385"
KENDRA,0.04%,"123,385"
JASMINE,0.04%,"123,385"
NICHOLE,0.04%,"123,385"
RACHAEL,0.04%,"123,385"
CHELSEA,0.04%,"123,385"
MABLE,0.04%,"123,385"
ERNESTINE,0.04%,"123,385"
MURIEL,0.04%,"123,385"
MARCELLA,0.04%,"120,138"
ELENA,0.04%,"120,138"
KRYSTAL,0.04%,"120,138"
ANGELINA,0.04%,"120,138"
NADINE,0.04%,"116,891"
KARI,0.04%,"116,891"
ESTELLE,0.04%,"116,891"
DIANNA,0.04%,"116,891"
PAULETTE,0.04%,"116,891"
LORA,0.04%,"116,891"
MONA,0.04%,"113,644"
DOREEN,0.04%,"113,644"
ROSEMARIE,0.04%,"113,644"
ANGEL,0.04%,"113,644"
DESIREE,0.04%,"113,644"
ANTONIA,0.04%,"113,644"
HOPE,0.03%,"110,397"
GINGER,0.03%,"110,397"
JANIS,0.03%,"110,397"
BETSY,0.03%,"110,397"
CHRISTIE,0.03%,"110,397"
FREDA,0.03%,"110,397"
MERCEDES,0.03%,"107,150"
MEREDITH,0.03%,"107,150"
LYNETTE,0.03%,"107,150"
TERI,0.03%,"107,150"
CRISTINA,0.03%,"107,150"
EULA,0.03%,"107,150"
LEIGH,0.03%,"103,903"
MEGHAN,0.03%,"103,903"
SOPHIA,0.03%,"103,903"
ELOISE,0.03%,"103,903"
ROCHELLE,0.03%,"103,903"
GRETCHEN,0.03%,"103,903"
CECELIA,0.03%,"103,903"
RAQUEL,0.03%,"100,656"
HENRIETTA,0.03%,"100,656"
ALYSSA,0.03%,"100,656"
JANA,0.03%,"100,656"
KELLEY,0.03%,"100,656"
GWEN,0.03%,"100,656"
KERRY,0.03%,"100,656"
JENNA,0.03%,"97,409"
TRICIA,0.03%,"97,409"
LAVERNE,0.03%,"97,409"
OLIVE,0.03%,"97,409"
ALEXIS,0.03%,"97,409"
TASHA,0.03%,"97,409"
SILVIA,0.03%,"94,162"
ELVIRA,0.03%,"94,162"
CASEY,0.03%,"94,162"
DELIA,0.03%,"94,162"
SOPHIE,0.03%,"94,162"
KATE,0.03%,"94,162"
PATTI,0.03%,"94,162"
LORENA,0.03%,"94,162"
KELLIE,0.03%,"94,162"
SONJA,0.03%,"94,162"
LILA,0.03%,"94,162"
LANA,0.03%,"94,162"
DARLA,0.03%,"94,162"
MAY,0.03%,"94,162"
MINDY,0.03%,"94,162"
ESSIE,0.03%,"94,162"
MANDY,0.03%,"94,162"
LORENE,0.03%,"90,915"
ELSA,0.03%,"90,915"
JOSEFINA,0.03%,"90,915"
JEANNIE,0.03%,"90,915"
MIRANDA,0.03%,"90,915"
DIXIE,0.03%,"90,915"
LUCIA,0.03%,"90,915"
MARTA,0.03%,"90,915"
FAITH,0.03%,"90,915"
LELA,0.03%,"90,915"
JOHANNA,0.03%,"90,915"
SHARI,0.03%,"90,915"
CAMILLE,0.03%,"90,915"
TAMI,0.03%,"87,668"
SHAWNA,0.03%,"87,668"
ELISA,0.03%,"87,668"
EBONY,0.03%,"87,668"
MELBA,0.03%,"87,668"
ORA,0.03%,"87,668"
NETTIE,0.03%,"87,668"
TABITHA,0.03%,"87,668"
OLLIE,0.03%,"87,668"
JAIME,0.03%,"87,668"
WINIFRED,0.03%,"87,668"
KRISTIE,0.03%,"87,668"
MARINA,0.03%,"87,668"
ALISHA,0.03%,"87,668"
AIMEE,0.03%,"87,668"
RENA,0.03%,"87,668"
MYRNA,0.03%,"84,421"
MARLA,0.03%,"84,421"
TAMMIE,0.03%,"84,421"
LATASHA,0.03%,"84,421"
BONITA,0.03%,"84,421"
PATRICE,0.03%,"84,421"
RONDA,0.03%,"84,421"
SHERRIE,0.03%,"84,421"
ADDIE,0.03%,"84,421"
FRANCINE,0.03%,"81,174"
DELORIS,0.03%,"81,174"
STACIE,0.03%,"81,174"
ADRIANA,0.03%,"81,174"
CHERI,0.03%,"81,174"
SHELBY,0.03%,"81,174"
ABIGAIL,0.03%,"81,174"
CELESTE,0.03%,"81,174"
JEWEL,0.03%,"81,174"
CARA,0.03%,"81,174"
ADELE,0.03%,"81,174"
REBEKAH,0.03%,"81,174"
LUCINDA,0.03%,"81,174"
DORTHY,0.03%,"81,174"
CHRIS,0.02%,"77,927"
EFFIE,0.02%,"77,927"
TRINA,0.02%,"77,927"
REBA,0.02%,"77,927"
SHAWN,0.02%,"77,927"
SALLIE,0.02%,"77,927"
AURORA,0.02%,"77,927"
LENORA,0.02%,"77,927"
ETTA,0.02%,"77,927"
LOTTIE,0.02%,"77,927"
KERRI,0.02%,"77,927"
TRISHA,0.02%,"77,927"
NIKKI,0.02%,"77,927"
ESTELLA,0.02%,"77,927"
FRANCISCA,0.02%,"77,927"
JOSIE,0.02%,"77,927"
TRACIE,0.02%,"77,927"
MARISSA,0.02%,"77,927"
KARIN,0.02%,"77,927"
BRITTNEY,0.02%,"77,927"
JANELLE,0.02%,"77,927"
LOURDES,0.02%,"77,927"
LAUREL,0.02%,"77,927"
HELENE,0.02%,"77,927"
FERN,0.02%,"77,927"
ELVA,0.02%,"77,927"
CORINNE,0.02%,"77,927"
KELSEY,0.02%,"77,927"
INA,0.02%,"74,680"
BETTIE,0.02%,"74,680"
ELISABETH,0.02%,"74,680"
AIDA,0.02%,"74,680"
CAITLIN,0.02%,"74,680"
INGRID,0.02%,"74,680"
IVA,0.02%,"74,680"
EUGENIA,0.02%,"74,680"
CHRISTA,0.02%,"74,680"
GOLDIE,0.02%,"74,680"
CASSIE,0.02%,"74,680"
MAUDE,0.02%,"74,680"
JENIFER,0.02%,"74,680"
THERESE,0.02%,"71,434"
FRANKIE,0.02%,"71,434"
DENA,0.02%,"71,434"
LORNA,0.02%,"71,434"
JANETTE,0.02%,"71,434"
LATONYA,0.02%,"71,434"
CANDY,0.02%,"71,434"
MORGAN,0.02%,"71,434"
CONSUELO,0.02%,"71,434"
TAMIKA,0.02%,"71,434"
ROSETTA,0.02%,"71,434"
DEBORA,0.02%,"71,434"
CHERIE,0.02%,"71,434"
POLLY,0.02%,"71,434"
DINA,0.02%,"71,434"
JEWELL,0.02%,"68,187"
FAY,0.02%,"68,187"
JILLIAN,0.02%,"68,187"
DOROTHEA,0.02%,"68,187"
NELL,0.02%,"68,187"
TRUDY,0.02%,"68,187"
ESPERANZA,0.02%,"68,187"
PATRICA,0.02%,"68,187"
KIMBERLEY,0.02%,"68,187"
SHANNA,0.02%,"68,187"
HELENA,0.02%,"68,187"
CAROLINA,0.02%,"68,187"
CLEO,0.02%,"68,187"
STEFANIE,0.02%,"68,187"
ROSARIO,0.02%,"64,940"
OLA,0.02%,"64,940"
JANINE,0.02%,"64,940"
MOLLIE,0.02%,"64,940"
LUPE,0.02%,"64,940"
ALISA,0.02%,"64,940"
LOU,0.02%,"64,940"
MARIBEL,0.02%,"64,940"
SUSANNE,0.02%,"64,940"
BETTE,0.02%,"61,693"
SUSANA,0.02%,"61,693"
ELISE,0.02%,"61,693"
CECILE,0.02%,"61,693"
ISABELLE,0.02%,"61,693"
LESLEY,0.02%,"61,693"
JOCELYN,0.02%,"61,693"
PAIGE,0.02%,"61,693"
JONI,0.02%,"61,693"
RACHELLE,0.02%,"61,693"
LEOLA,0.02%,"61,693"
DAPHNE,0.02%,"61,693"
ALTA,0.02%,"61,693"
ESTER,0.02%,"61,693"
PETRA,0.02%,"61,693"
GRACIELA,0.02%,"61,693"
IMOGENE,0.02%,"61,693"
JOLENE,0.02%,"61,693"
KEISHA,0.02%,"61,693"
LACEY,0.02%,"58,446"
GLENNA,0.02%,"58,446"
GABRIELA,0.02%,"58,446"
KERI,0.02%,"58,446"
URSULA,0.02%,"58,446"
LIZZIE,0.02%,"58,446"
KIRSTEN,0.02%,"58,446"
SHANA,0.02%,"58,446"
ADELINE,0.02%,"58,446"
MAYRA,0.02%,"58,446"
JAYNE,0.02%,"58,446"
JACLYN,0.02%,"58,446"
GRACIE,0.02%,"58,446"
SONDRA,0.02%,"58,446"
CARMELA,0.02%,"58,446"
MARISA,0.02%,"58,446"
ROSALIND,0.02%,"58,446"
CHARITY,0.02%,"58,446"
TONIA,0.02%,"58,446"
BEATRIZ,0.02%,"58,446"
MARISOL,0.02%,"58,446"
CLARICE,0.02%,"58,446"
JEANINE,0.02%,"55,199"
SHEENA,0.02%,"55,199"
ANGELINE,0.02%,"55,199"
FRIEDA,0.02%,"55,199"
LILY,0.02%,"55,199"
ROBBIE,0.02%,"55,199"
SHAUNA,0.02%,"55,199"
MILLIE,0.02%,"55,199"
CLAUDETTE,0.02%,"55,199"
CATHLEEN,0.02%,"55,199"
ANGELIA,0.02%,"55,199"
GABRIELLE,0.02%,"55,199"
AUTUMN,0.02%,"55,199"
KATHARINE,0.02%,"55,199"
SUMMER,0.02%,"55,199"
JODIE,0.02%,"55,199"
STACI,0.02%,"55,199"
LEA,0.02%,"55,199"
CHRISTI,0.02%,"55,199"
JIMMIE,0.02%,"55,199"
JUSTINE,0.02%,"55,199"
ELMA,0.02%,"55,199"
LUELLA,0.02%,"55,199"
MARGRET,0.02%,"55,199"
DOMINIQUE,0.02%,"51,952"
SOCORRO,0.02%,"51,952"
RENE,0.02%,"51,952"
MARTINA,0.02%,"51,952"
MARGO,0.02%,"51,952"
MAVIS,0.02%,"51,952"
CALLIE,0.02%,"51,952"
BOBBI,0.02%,"51,952"
MARITZA,0.02%,"51,952"
LUCILE,0.02%,"51,952"
LEANNE,0.02%,"51,952"
JEANNINE,0.02%,"51,952"
DEANA,0.02%,"51,952"
AILEEN,0.02%,"51,952"
LORIE,0.02%,"51,952"
LADONNA,0.02%,"51,952"
WILLA,0.02%,"51,952"
MANUELA,0.02%,"51,952"
GALE,0.02%,"51,952"
SELMA,0.02%,"51,952"
DOLLY,0.02%,"51,952"
SYBIL,0.02%,"51,952"
ABBY,0.02%,"51,952"
LARA,0.02%,"51,952"
DALE,0.02%,"51,952"
IVY,0.02%,"51,952"
DEE,0.02%,"51,952"
WINNIE,0.02%,"51,952"
MARCY,0.02%,"51,952"
LUISA,0.02%,"51,952"
JERI,0.02%,"48,705"
MAGDALENA,0.02%,"48,705"
OFELIA,0.02%,"48,705"
MEAGAN,0.02%,"48,705"
AUDRA,0.02%,"48,705"
MATILDA,0.02%,"48,705"
LEILA,0.02%,"48,705"
CORNELIA,0.02%,"48,705"
BIANCA,0.02%,"48,705"
SIMONE,0.02%,"48,705"
BETTYE,0.02%,"48,705"
RANDI,0.02%,"48,705"
VIRGIE,0.02%,"48,705"
LATISHA,0.02%,"48,705"
BARBRA,0.02%,"48,705"
GEORGINA,0.02%,"48,705"
ELIZA,0.02%,"48,705"
LEANN,0.02%,"48,705"
BRIDGETTE,0.02%,"48,705"
RHODA,0.01%,"45,458"
HALEY,0.01%,"45,458"
ADELA,0.01%,"45,458"
NOLA,0.01%,"45,458"
BERNADINE,0.01%,"45,458"
FLOSSIE,0.01%,"45,458"
ILA,0.01%,"45,458"
GRETA,0.01%,"45,458"
RUTHIE,0.01%,"45,458"
NELDA,0.01%,"45,458"
MINERVA,0.01%,"45,458"
LILLY,0.01%,"45,458"
TERRIE,0.01%,"45,458"
LETHA,0.01%,"45,458"
HILARY,0.01%,"45,458"
ESTELA,0.01%,"45,458"
VALARIE,0.01%,"45,458"
BRIANNA,0.01%,"45,458"
ROSALYN,0.01%,"45,458"
EARLINE,0.01%,"45,458"
CATALINA,0.01%,"45,458"
AVA,0.01%,"45,458"
MIA,0.01%,"45,458"
CLARISSA,0.01%,"45,458"
LIDIA,0.01%,"45,458"
CORRINE,0.01%,"45,458"
ALEXANDRIA,0.01%,"45,458"
CONCEPCION,0.01%,"45,458"
TIA,0.01%,"45,458"
SHARRON,0.01%,"45,458"
RAE,0.01%,"45,458"
DONA,0.01%,"45,458"
ERICKA,0.01%,"45,458"
JAMI,0.01%,"45,458"
ELNORA,0.01%,"45,458"
CHANDRA,0.01%,"45,458"
LENORE,0.01%,"45,458"
NEVA,0.01%,"42,211"
MARYLOU,0.01%,"42,211"
MELISA,0.01%,"42,211"
TABATHA,0.01%,"42,211"
SERENA,0.01%,"42,211"
AVIS,0.01%,"42,211"
ALLIE,0.01%,"42,211"
SOFIA,0.01%,"42,211"
JEANIE,0.01%,"42,211"
ODESSA,0.01%,"42,211"
NANNIE,0.01%,"42,211"
HARRIETT,0.01%,"42,211"
LORAINE,0.01%,"42,211"
PENELOPE,0.01%,"42,211"
MILAGROS,0.01%,"42,211"
EMILIA,0.01%,"42,211"
BENITA,0.01%,"42,211"
ALLYSON,0.01%,"42,211"
ASHLEE,0.01%,"42,211"
TANIA,0.01%,"42,211"
TOMMIE,0.01%,"42,211"
ESMERALDA,0.01%,"42,211"
KARINA,0.01%,"42,211"
EVE,0.01%,"42,211"
PEARLIE,0.01%,"42,211"
ZELMA,0.01%,"42,211"
MALINDA,0.01%,"42,211"
NOREEN,0.01%,"42,211"
TAMEKA,0.01%,"42,211"
SAUNDRA,0.01%,"42,211"
HILLARY,0.01%,"42,211"
AMIE,0.01%,"42,211"
ALTHEA,0.01%,"38,964"
ROSALINDA,0.01%,"38,964"
JORDAN,0.01%,"38,964"
LILIA,0.01%,"38,964"
ALANA,0.01%,"38,964"
GAY,0.01%,"38,964"
CLARE,0.01%,"38,964"
ALEJANDRA,0.01%,"38,964"
ELINOR,0.01%,"38,964"
MICHAEL,0.01%,"38,964"
LORRIE,0.01%,"38,964"
JERRI,0.01%,"38,964"
DARCY,0.01%,"38,964"
EARNESTINE,0.01%,"38,964"
CARMELLA,0.01%,"38,964"
TAYLOR,0.01%,"38,964"
NOEMI,0.01%,"38,964"
MARCIE,0.01%,"38,964"
LIZA,0.01%,"38,964"
ANNABELLE,0.01%,"38,964"
LOUISA,0.01%,"38,964"
EARLENE,0.01%,"38,964"
MALLORY,0.01%,"38,964"
CARLENE,0.01%,"38,964"
NITA,0.01%,"38,964"
SELENA,0.01%,"38,964"
TANISHA,0.01%,"38,964"
KATY,0.01%,"38,964"
JULIANNE,0.01%,"38,964"
JOHN,0.01%,"38,964"
LAKISHA,0.01%,"35,717"
EDWINA,0.01%,"35,717"
MARICELA,0.01%,"35,717"
MARGERY,0.01%,"35,717"
KENYA,0.01%,"35,717"
DOLLIE,0.01%,"35,717"
ROXIE,0.01%,"35,717"
ROSLYN,0.01%,"35,717"
KATHRINE,0.01%,"35,717"
NANETTE,0.01%,"35,717"
CHARMAINE,0.01%,"35,717"
LAVONNE,0.01%,"35,717"
ILENE,0.01%,"35,717"
KRIS,0.01%,"35,717"
TAMMI,0.01%,"35,717"
SUZETTE,0.01%,"35,717"
CORINE,0.01%,"35,717"
KAYE,0.01%,"35,717"
JERRY,0.01%,"35,717"
MERLE,0.01%,"35,717"
CHRYSTAL,0.01%,"35,717"
LINA,0.01%,"35,717"
DEANNE,0.01%,"35,717"
LILIAN,0.01%,"35,717"
JULIANA,0.01%,"35,717"
ALINE,0.01%,"35,717"
LUANN,0.01%,"35,717"
KASEY,0.01%,"35,717"
MARYANNE,0.01%,"35,717"
EVANGELINE,0.01%,"35,717"
COLETTE,0.01%,"35,717"
MELVA,0.01%,"35,717"
LAWANDA,0.01%,"35,717"
YESENIA,0.01%,"35,717"
NADIA,0.01%,"35,717"
MADGE,0.01%,"35,717"
KATHIE,0.01%,"35,717"
EDDIE,0.01%,"35,717"
OPHELIA,0.01%,"35,717"
VALERIA,0.01%,"35,717"
NONA,0.01%,"35,717"
MITZI,0.01%,"35,717"
MARI,0.01%,"35,717"
GEORGETTE,0.01%,"35,717"
CLAUDINE,0.01%,"35,717"
FRAN,0.01%,"35,717"
ALISSA,0.01%,"35,717"
ROSEANN,0.01%,"32,470"
LAKEISHA,0.01%,"32,470"
SUSANNA,0.01%,"32,470"
REVA,0.01%,"32,470"
DEIDRE,0.01%,"32,470"
CHASITY,0.01%,"32,470"
SHEREE,0.01%,"32,470"
CARLY,0.01%,"32,470"
JAMES,0.01%,"32,470"
ELVIA,0.01%,"32,470"
ALYCE,0.01%,"32,470"
DEIRDRE,0.01%,"32,470"
GENA,0.01%,"32,470"
BRIANA,0.01%,"32,470"
ARACELI,0.01%,"32,470"
KATELYN,0.01%,"32,470"
ROSANNE,0.01%,"32,470"
WENDI,0.01%,"32,470"
TESSA,0.01%,"32,470"
BERTA,0.01%,"32,470"
MARVA,0.01%,"32,470"
IMELDA,0.01%,"32,470"
MARIETTA,0.01%,"32,470"
MARCI,0.01%,"32,470"
LEONOR,0.01%,"32,470"
ARLINE,0.01%,"32,470"
SASHA,0.01%,"32,470"
MADELYN,0.01%,"32,470"
JANNA,0.01%,"32,470"
JULIETTE,0.01%,"32,470"
DEENA,0.01%,"32,470"
AURELIA,0.01%,"32,470"
JOSEFA,0.01%,"32,470"
AUGUSTA,0.01%,"32,470"
LILIANA,0.01%,"32,470"
YOUNG,0.01%,"32,470"
CHRISTIAN,0.01%,"32,470"
LESSIE,0.01%,"32,470"
AMALIA,0.01%,"32,470"
SAVANNAH,0.01%,"32,470"
ANASTASIA,0.01%,"32,470"
VILMA,0.01%,"32,470"
NATALIA,0.01%,"32,470"
ROSELLA,0.01%,"32,470"
LYNNETTE,0.01%,"32,470"
CORINA,0.01%,"32,470"
ALFREDA,0.01%,"29,223"
LEANNA,0.01%,"29,223"
CAREY,0.01%,"29,223"
AMPARO,0.01%,"29,223"
COLEEN,0.01%,"29,223"
TAMRA,0.01%,"29,223"
AISHA,0.01%,"29,223"
WILDA,0.01%,"29,223"
KARYN,0.01%,"29,223"
CHERRY,0.01%,"29,223"
QUEEN,0.01%,"29,223"
MAURA,0.01%,"29,223"
MAI,0.01%,"29,223"
EVANGELINA,0.01%,"29,223"
ROSANNA,0.01%,"29,223"
HALLIE,0.01%,"29,223"
ERNA,0.01%,"29,223"
ENID,0.01%,"29,223"
MARIANA,0.01%,"29,223"
LACY,0.01%,"29,223"
JULIET,0.01%,"29,223"
JACKLYN,0.01%,"29,223"
FREIDA,0.01%,"29,223"
MADELEINE,0.01%,"29,223"
MARA,0.01%,"29,223"
HESTER,0.01%,"29,223"
CATHRYN,0.01%,"29,223"
LELIA,0.01%,"29,223"
CASANDRA,0.01%,"29,223"
BRIDGETT,0.01%,"29,223"
ANGELITA,0.01%,"29,223"
JANNIE,0.01%,"29,223"
DIONNE,0.01%,"29,223"
ANNMARIE,0.01%,"29,223"
KATINA,0.01%,"29,223"
BERYL,0.01%,"29,223"
PHOEBE,0.01%,"29,223"
MILLICENT,0.01%,"29,223"
KATHERYN,0.01%,"29,223"
DIANN,0.01%,"29,223"
CARISSA,0.01%,"29,223"
MARYELLEN,0.01%,"29,223"
LIZ,0.01%,"29,223"
LAURI,0.01%,"29,223"
HELGA,0.01%,"29,223"
GILDA,0.01%,"29,223"
ADRIAN,0.01%,"29,223"
RHEA,0.01%,"29,223"
MARQUITA,0.01%,"29,223"
HOLLIE,0.01%,"29,223"
TISHA,0.01%,"29,223"
TAMERA,0.01%,"29,223"
ANGELIQUE,0.01%,"29,223"
FRANCESCA,0.01%,"29,223"
BRITNEY,0.01%,"29,223"
KAITLIN,0.01%,"29,223"
LOLITA,0.01%,"29,223"
FLORINE,0.01%,"29,223"
ROWENA,0.01%,"29,223"
REYNA,0.01%,"29,223"
TWILA,0.01%,"29,223"
FANNY,0.01%,"29,223"
JANELL,0.01%,"29,223"
INES,0.01%,"29,223"
CONCETTA,0.01%,"29,223"
BERTIE,0.01%,"29,223"
ALBA,0.01%,"29,223"
BRIGITTE,0.01%,"29,223"
ALYSON,0.01%,"29,223"
VONDA,0.01%,"25,976"
PANSY,0.01%,"25,976"
ELBA,0.01%,"25,976"
NOELLE,0.01%,"25,976"
LETITIA,0.01%,"25,976"
KITTY,0.01%,"25,976"
DEANN,0.01%,"25,976"
BRANDIE,0.01%,"25,976"
LOUELLA,0.01%,"25,976"
LETA,0.01%,"25,976"
FELECIA,0.01%,"25,976"
SHARLENE,0.01%,"25,976"
LESA,0.01%,"25,976"
BEVERLEY,0.01%,"25,976"
ROBERT,0.01%,"25,976"
ISABELLA,0.01%,"25,976"
HERMINIA,0.01%,"25,976"
TERRA,0.01%,"25,976"
CELINA,0.01%,"25,976"
TORI,0.01%,"25,976"
OCTAVIA,0.01%,"25,976"
JADE,0.01%,"25,976"
DENICE,0.01%,"25,976"
GERMAINE,0.01%,"25,976"
SIERRA,0.01%,"25,976"
MICHELL,0.01%,"25,976"
CORTNEY,0.01%,"25,976"
NELLY,0.01%,"25,976"
DORETHA,0.01%,"25,976"
SYDNEY,0.01%,"25,976"
DEIDRA,0.01%,"25,976"
MONIKA,0.01%,"25,976"
LASHONDA,0.01%,"25,976"
JUDI,0.01%,"25,976"
CHELSEY,0.01%,"25,976"
ANTIONETTE,0.01%,"25,976"
MARGOT,0.01%,"25,976"
BOBBY,0.01%,"25,976"
ADELAIDE,0.01%,"25,976"
NAN,0.01%,"25,976"
LEEANN,0.01%,"25,976"
ELISHA,0.01%,"25,976"
DESSIE,0.01%,"25,976"
LIBBY,0.01%,"25,976"
KATHI,0.01%,"25,976"
GAYLA,0.01%,"25,976"
LATANYA,0.01%,"25,976"
MINA,0.01%,"25,976"
MELLISA,0.01%,"25,976"
KIMBERLEE,0.01%,"25,976"
JASMIN,0.01%,"25,976"
RENAE,0.01%,"25,976"
ZELDA,0.01%,"25,976"
ELDA,0.01%,"25,976"
MA,0.01%,"25,976"
JUSTINA,0.01%,"25,976"
GUSSIE,0.01%,"25,976"
EMILIE,0.01%,"25,976"
CAMILLA,0.01%,"25,976"
ABBIE,0.01%,"25,976"
ROCIO,0.01%,"25,976"
KAITLYN,0.01%,"25,976"
JESSE,0.01%,"25,976"
EDYTHE,0.01%,"25,976"
ASHLEIGH,0.01%,"25,976"
SELINA,0.01%,"25,976"
LAKESHA,0.01%,"25,976"
GERI,0.01%,"25,976"
ALLENE,0.01%,"25,976"
PAMALA,0.01%,"25,976"
MICHAELA,0.01%,"25,976"
DAYNA,0.01%,"25,976"
CARYN,0.01%,"25,976"
ROSALIA,0.01%,"25,976"
SUN,0.01%,"22,729"
JACQULINE,0.01%,"22,729"
REBECA,0.01%,"22,729"
MARYBETH,0.01%,"22,729"
KRYSTLE,0.01%,"22,729"
IOLA,0.01%,"22,729"
DOTTIE,0.01%,"22,729"
BENNIE,0.01%,"22,729"
BELLE,0.01%,"22,729"
AUBREY,0.01%,"22,729"
GRISELDA,0.01%,"22,729"
ERNESTINA,0.01%,"22,729"
ELIDA,0.01%,"22,729"
ADRIANNE,0.01%,"22,729"
DEMETRIA,0.01%,"22,729"
DELMA,0.01%,"22,729"
CHONG,0.01%,"22,729"
JAQUELINE,0.01%,"22,729"
DESTINY,0.01%,"22,729"
ARLEEN,0.01%,"22,729"
VIRGINA,0.01%,"22,729"
RETHA,0.01%,"22,729"
FATIMA,0.01%,"22,729"
TILLIE,0.01%,"22,729"
ELEANORE,0.01%,"22,729"
CARI,0.01%,"22,729"
TREVA,0.01%,"22,729"
BIRDIE,0.01%,"22,729"
WILHELMINA,0.01%,"22,729"
ROSALEE,0.01%,"22,729"
MAURINE,0.01%,"22,729"
LATRICE,0.01%,"22,729"
YONG,0.01%,"22,729"
JENA,0.01%,"22,729"
TARYN,0.01%,"22,729"
ELIA,0.01%,"22,729"
DEBBY,0.01%,"22,729"
MAUDIE,0.01%,"22,729"
JEANNA,0.01%,"22,729"
DELILAH,0.01%,"22,729"
CATRINA,0.01%,"22,729"
SHONDA,0.01%,"22,729"
HORTENCIA,0.01%,"22,729"
THEODORA,0.01%,"22,729"
TERESITA,0.01%,"22,729"
ROBBIN,0.01%,"22,729"
DANETTE,0.01%,"22,729"
MARYJANE,0.01%,"22,729"
FREDDIE,0.01%,"22,729"
DELPHINE,0.01%,"22,729"
BRIANNE,0.01%,"22,729"
NILDA,0.01%,"22,729"
DANNA,0.01%,"22,729"
CINDI,0.01%,"22,729"
BESS,0.01%,"22,729"
IONA,0.01%,"22,729"
HANNA,0.01%,"22,729"
ARIEL,0.01%,"22,729"
WINONA,0.01%,"22,729"
VIDA,0.01%,"22,729"
ROSITA,0.01%,"22,729"
MARIANNA,0.01%,"22,729"
WILLIAM,0.01%,"22,729"
RACHEAL,0.01%,"22,729"
GUILLERMINA,0.01%,"22,729"
ELOISA,0.01%,"22,729"
CELESTINE,0.01%,"22,729"
CAREN,0.01%,"22,729"
MALISSA,0.01%,"22,729"
LONA,0.01%,"22,729"
CHANTEL,0.01%,"22,729"
SHELLIE,0.01%,"22,729"
MARISELA,0.01%,"22,729"
LEORA,0.01%,"22,729"
AGATHA,0.01%,"22,729"
SOLEDAD,0.01%,"22,729"
MIGDALIA,0.01%,"22,729"
IVETTE,0.01%,"22,729"
CHRISTEN,0.01%,"22,729"
ATHENA,0.01%,"22,729"
JANEL,0.01%,"22,729"
CHLOE,0.01%,"22,729"
VEDA,0.01%,"22,729"
PATTIE,0.01%,"22,729"
TESSIE,0.01%,"22,729"
TERA,0.01%,"22,729"
MARILYNN,0.01%,"22,729"
LUCRETIA,0.01%,"22,729"
KARRIE,0.01%,"22,729"
DINAH,0.01%,"22,729"
DANIELA,0.01%,"22,729"
ALECIA,0.01%,"22,729"
ADELINA,0.01%,"22,729"
VERNICE,0.01%,"22,729"
SHIELA,0.01%,"22,729"
PORTIA,0.01%,"22,729"
MERRY,0.01%,"22,729"
LASHAWN,0.01%,"22,729"
DEVON,0.01%,"22,729"
DARA,0.01%,"22,729"
TAWANA,0.01%,"22,729"
OMA,0.01%,"22,729"
VERDA,0.01%,"22,729"
CHRISTIN,0.01%,"22,729"
ALENE,0.01%,"22,729"
ZELLA,0.01%,"19,482"
SANDI,0.01%,"19,482"
RAFAELA,0.01%,"19,482"
MAYA,0.01%,"19,482"
KIRA,0.01%,"19,482"
CANDIDA,0.01%,"19,482"
ALVINA,0.01%,"19,482"
SUZAN,0.01%,"19,482"
SHAYLA,0.01%,"19,482"
LYN,0.01%,"19,482"
LETTIE,0.01%,"19,482"
ALVA,0.01%,"19,482"
SAMATHA,0.01%,"19,482"
ORALIA,0.01%,"19,482"
MATILDE,0.01%,"19,482"
MADONNA,0.01%,"19,482"
LARISSA,0.01%,"19,482"
VESTA,0.01%,"19,482"
RENITA,0.01%,"19,482"
INDIA,0.01%,"19,482"
DELOIS,0.01%,"19,482"
SHANDA,0.01%,"19,482"
PHILLIS,0.01%,"19,482"
LORRI,0.01%,"19,482"
ERLINDA,0.01%,"19,482"
CRUZ,0.01%,"19,482"
CATHRINE,0.01%,"19,482"
BARB,0.01%,"19,482"
ZOE,0.01%,"19,482"
ISABELL,0.01%,"19,482"
IONE,0.01%,"19,482"
GISELA,0.01%,"19,482"
CHARLIE,0.01%,"19,482"
VALENCIA,0.01%,"19,482"
ROXANNA,0.01%,"19,482"
MAYME,0.01%,"19,482"
KISHA,0.01%,"19,482"
ELLIE,0.01%,"19,482"
MELLISSA,0.01%,"19,482"
DORRIS,0.01%,"19,482"
DALIA,0.01%,"19,482"
BELLA,0.01%,"19,482"
ANNETTA,0.01%,"19,482"
ZOILA,0.01%,"19,482"
RETA,0.01%,"19,482"
REINA,0.01%,"19,482"
LAURETTA,0.01%,"19,482"
KYLIE,0.01%,"19,482"
CHRISTAL,0.01%,"19,482"
PILAR,0.01%,"19,482"
CHARLA,0.01%,"19,482"
ELISSA,0.01%,"19,482"
TIFFANI,0.01%,"19,482"
TANA,0.01%,"19,482"
PAULINA,0.01%,"19,482"
LEOTA,0.01%,"19,482"
BREANNA,0.01%,"19,482"
JAYME,0.01%,"19,482"
CARMEL,0.01%,"19,482"
VERNELL,0.01%,"19,482"
TOMASA,0.01%,"19,482"
MANDI,0.01%,"19,482"
DOMINGA,0.01%,"19,482"
SANTA,0.01%,"19,482"
MELODIE,0.01%,"19,482"
LURA,0.01%,"19,482"
ALEXA,0.01%,"19,482"
TAMELA,0.01%,"19,482"
RYAN,0.01%,"19,482"
MIRNA,0.01%,"19,482"
KERRIE,0.01%,"19,482"
VENUS,0.01%,"19,482"
NOEL,0.01%,"19,482"
FELICITA,0.01%,"19,482"
CRISTY,0.01%,"19,482"
CARMELITA,0.01%,"19,482"
BERNIECE,0.01%,"19,482"
ANNEMARIE,0.01%,"19,482"
TIARA,0.01%,"19,482"
ROSEANNE,0.01%,"19,482"
MISSY,0.01%,"19,482"
CORI,0.01%,"19,482"
ROXANA,0.01%,"19,482"
PRICILLA,0.01%,"19,482"
KRISTAL,0.01%,"19,482"
JUNG,0.01%,"19,482"
ELYSE,0.01%,"19,482"
HAYDEE,0.01%,"19,482"
ALETHA,0.01%,"19,482"
BETTINA,0.01%,"19,482"
MARGE,0.01%,"19,482"
GILLIAN,0.01%,"19,482"
FILOMENA,0.01%,"19,482"
CHARLES,0.01%,"19,482"
ZENAIDA,0.01%,"19,482"
HARRIETTE,0.01%,"19,482"
CARIDAD,0.01%,"19,482"
VADA,0.01%,"19,482"
UNA,0.01%,"19,482"
ARETHA,0.01%,"19,482"
PEARLINE,0.01%,"19,482"
MARJORY,0.01%,"19,482"
MARCELA,0.01%,"19,482"
FLOR,0.01%,"19,482"
EVETTE,0.01%,"19,482"
ELOUISE,0.01%,"19,482"
ALINA,0.01%,"19,482"
TRINIDAD,0.01%,"19,482"
DAVID,0.01%,"19,482"
DAMARIS,0.01%,"19,482"
CATHARINE,0.01%,"19,482"
CARROLL,0.01%,"19,482"
BELVA,0.01%,"19,482"
NAKIA,0.01%,"16,235"
MARLENA,0.01%,"16,235"
LUANNE,0.01%,"16,235"
LORINE,0.01%,"16,235"
KARON,0.01%,"16,235"
DORENE,0.01%,"16,235"
DANITA,0.01%,"16,235"
BRENNA,0.01%,"16,235"
TATIANA,0.01%,"16,235"
SAMMIE,0.01%,"16,235"
LOUANN,0.01%,"16,235"
LOREN,0.01%,"16,235"
JULIANNA,0.01%,"16,235"
ANDRIA,0.01%,"16,235"
PHILOMENA,0.01%,"16,235"
LUCILA,0.01%,"16,235"
LEONORA,0.01%,"16,235"
DOVIE,0.01%,"16,235"
ROMONA,0.01%,"16,235"
MIMI,0.01%,"16,235"
JACQUELIN,0.01%,"16,235"
GAYE,0.01%,"16,235"
TONJA,0.01%,"16,235"
MISTI,0.01%,"16,235"
JOE,0.01%,"16,235"
GENE,0.01%,"16,235"
CHASTITY,0.01%,"16,235"
STACIA,0.01%,"16,235"
ROXANN,0.01%,"16,235"
MICAELA,0.01%,"16,235"
NIKITA,0.01%,"16,235"
MEI,0.01%,"16,235"
VELDA,0.01%,"16,235"
MARLYS,0.01%,"16,235"
JOHNNA,0.01%,"16,235"
AURA,0.01%,"16,235"
LAVERN,0.01%,"16,235"
IVONNE,0.01%,"16,235"
HAYLEY,0.01%,"16,235"
NICKI,0.01%,"16,235"
MAJORIE,0.01%,"16,235"
HERLINDA,0.01%,"16,235"
GEORGE,0.01%,"16,235"
ALPHA,0.01%,"16,235"
YADIRA,0.01%,"16,235"
PERLA,0.01%,"16,235"
GREGORIA,0.01%,"16,235"
DANIEL,0.01%,"16,235"
ANTONETTE,0.01%,"16,235"
SHELLI,0.01%,"16,235"
MOZELLE,0.01%,"16,235"
MARIAH,0.01%,"16,235"
JOELLE,0.01%,"16,235"
CORDELIA,0.01%,"16,235"
JOSETTE,0.01%,"16,235"
CHIQUITA,0.01%,"16,235"
TRISTA,0.01%,"16,235"
LOUIS,0.01%,"16,235"
LAQUITA,0.01%,"16,235"
GEORGIANA,0.01%,"16,235"
CANDI,0.01%,"16,235"
SHANON,0.01%,"16,235"
LONNIE,0.01%,"16,235"
HILDEGARD,0.01%,"16,235"
CECIL,0.01%,"16,235"
VALENTINA,0.01%,"16,235"
STEPHANY,0.01%,"16,235"
MAGDA,0.01%,"16,235"
KAROL,0.01%,"16,235"
GERRY,0.01%,"16,235"
GABRIELLA,0.01%,"16,235"
TIANA,0.01%,"16,235"
ROMA,0.01%,"16,235"
RICHELLE,0.01%,"16,235"
RAY,0.01%,"16,235"
PRINCESS,0.01%,"16,235"
OLETA,0.01%,"16,235"
JACQUE,0.01%,"16,235"
IDELLA,0.01%,"16,235"
ALAINA,0.01%,"16,235"
SUZANNA,0.01%,"16,235"
JOVITA,0.01%,"16,235"
BLAIR,0.01%,"16,235"
TOSHA,0.01%,"16,235"
RAVEN,0.01%,"16,235"
NEREIDA,0.01%,"16,235"
MARLYN,0.01%,"16,235"
KYLA,0.01%,"16,235"
JOSEPH,0.01%,"16,235"
DELFINA,0.01%,"16,235"
TENA,0.01%,"16,235"
STEPHENIE,0.01%,"16,235"
SABINA,0.01%,"16,235"
NATHALIE,0.01%,"16,235"
MARCELLE,0.01%,"16,235"
GERTIE,0.01%,"16,235"
DARLEEN,0.01%,"16,235"
THEA,0.01%,"16,235"
SHARONDA,0.01%,"16,235"
SHANTEL,0.01%,"16,235"
BELEN,0.01%,"16,235"
VENESSA,0.01%,"16,235"
ROSALINA,0.01%,"16,235"
ONA,0.01%,"16,235"
GENOVEVA,0.01%,"16,235"
COREY,0.01%,"16,235"
CLEMENTINE,0.01%,"16,235"
ROSALBA,0.01%,"16,235"
RENATE,0.01%,"16,235"
RENATA,0.01%,"16,235"
MI,0.01%,"16,235"
IVORY,0.01%,"16,235"
GEORGIANNA,0.01%,"16,235"
FLOY,0.01%,"16,235"
DORCAS,0.01%,"16,235"
ARIANA,0.01%,"16,235"
TYRA,0.01%,"16,235"
THEDA,0.01%,"16,235"
MARIAM,0.01%,"16,235"
JULI,0.01%,"16,235"
JESICA,0.01%,"16,235"
DONNIE,0.01%,"16,235"
VIKKI,0.01%,"16,235"
VERLA,0.01%,"16,235"
ROSELYN,0.01%,"16,235"
MELVINA,0.01%,"16,235"
JANNETTE,0.01%,"16,235"
GINNY,0.01%,"16,235"
DEBRAH,0.01%,"16,235"
CORRIE,0.01%,"16,235"
ASIA,0.01%,"16,235"
VIOLETA,0.01%,"16,235"
MYRTIS,0.01%,"16,235"
LATRICIA,0.01%,"16,235"
COLLETTE,0.01%,"16,235"
CHARLEEN,0.01%,"16,235"
ANISSA,0.01%,"16,235"
VIVIANA,0.01%,"16,235"
TWYLA,0.01%,"16,235"
PRECIOUS,0.01%,"16,235"
NEDRA,0.01%,"16,235"
LATONIA,0.01%,"16,235"
LAN,0.01%,"16,235"
HELLEN,0.01%,"16,235"
FABIOLA,0.01%,"16,235"
ANNAMARIE,0.01%,"16,235"
ADELL,0.01%,"16,235"
SHARYN,0.01%,"16,235"
CHANTAL,0.01%,"16,235"
NIKI,0.01%,"16,235"
MAUD,0.01%,"16,235"
LIZETTE,0.01%,"16,235"
LINDY,0.01%,"16,235"
KIA,0.01%,"16,235"
KESHA,0.01%,"16,235"
JEANA,0.01%,"16,235"
DANELLE,0.01%,"16,235"
CHARLINE,0.01%,"16,235"
CHANEL,0.01%,"16,235"
CARROL,0.01%,"16,235"
VALORIE,0.01%,"16,235"
LIA,0.01%,"16,235"
DORTHA,0.01%,"16,235"
CRISTAL,0.01%,"16,235"
SUNNY,0.01%,"16,235"
LEONE,0.01%,"16,235"
LEILANI,0.01%,"16,235"
GERRI,0.01%,"16,235"
DEBI,0.01%,"16,235"
ANDRA,0.01%,"16,235"
KESHIA,0.01%,"16,235"
IMA,0.01%,"16,235"
EULALIA,0.01%,"16,235"
EASTER,0.01%,"16,235"
DULCE,0.01%,"16,235"
NATIVIDAD,0.00%,"12,988"
LINNIE,0.00%,"12,988"
KAMI,0.00%,"12,988"
GEORGIE,0.00%,"12,988"
CATINA,0.00%,"12,988"
BROOK,0.00%,"12,988"
ALDA,0.00%,"12,988"
WINNIFRED,0.00%,"12,988"
SHARLA,0.00%,"12,988"
RUTHANN,0.00%,"12,988"
MEAGHAN,0.00%,"12,988"
MAGDALENE,0.00%,"12,988"
LISSETTE,0.00%,"12,988"
ADELAIDA,0.00%,"12,988"
VENITA,0.00%,"12,988"
TRENA,0.00%,"12,988"
SHIRLENE,0.00%,"12,988"
SHAMEKA,0.00%,"12,988"
ELIZEBETH,0.00%,"12,988"
DIAN,0.00%,"12,988"
SHANTA,0.00%,"12,988"
MICKEY,0.00%,"12,988"
LATOSHA,0.00%,"12,988"
CARLOTTA,0.00%,"12,988"
WINDY,0.00%,"12,988"
SOON,0.00%,"12,988"
ROSINA,0.00%,"12,988"
MARIANN,0.00%,"12,988"
LEISA,0.00%,"12,988"
JONNIE,0.00%,"12,988"
DAWNA,0.00%,"12,988"
CATHIE,0.00%,"12,988"
BILLY,0.00%,"12,988"
ASTRID,0.00%,"12,988"
SIDNEY,0.00%,"12,988"
LAUREEN,0.00%,"12,988"
JANEEN,0.00%,"12,988"
HOLLI,0.00%,"12,988"
FAWN,0.00%,"12,988"
VICKEY,0.00%,"12,988"
TERESSA,0.00%,"12,988"
SHANTE,0.00%,"12,988"
RUBYE,0.00%,"12,988"
MARCELINA,0.00%,"12,988"
CHANDA,0.00%,"12,988"
CARY,0.00%,"12,988"
TERESE,0.00%,"12,988"
SCARLETT,0.00%,"12,988"
MARTY,0.00%,"12,988"
MARNIE,0.00%,"12,988"
LULU,0.00%,"12,988"
LISETTE,0.00%,"12,988"
JENIFFER,0.00%,"12,988"
ELENOR,0.00%,"12,988"
DORINDA,0.00%,"12,988"
DONITA,0.00%,"12,988"
CARMAN,0.00%,"12,988"
BERNITA,0.00%,"12,988"
ALTAGRACIA,0.00%,"12,988"
ALETA,0.00%,"12,988"
ADRIANNA,0.00%,"12,988"
ZORAIDA,0.00%,"12,988"
RONNIE,0.00%,"12,988"
NICOLA,0.00%,"12,988"
LYNDSEY,0.00%,"12,988"
KENDALL,0.00%,"12,988"
JANINA,0.00%,"12,988"
CHRISSY,0.00%,"12,988"
AMI,0.00%,"12,988"
STARLA,0.00%,"12,988"
PHYLIS,0.00%,"12,988"
PHUONG,0.00%,"12,988"
KYRA,0.00%,"12,988"
CHARISSE,0.00%,"12,988"
BLANCH,0.00%,"12,988"
SANJUANITA,0.00%,"12,988"
RONA,0.00%,"12,988"
NANCI,0.00%,"12,988"
MARILEE,0.00%,"12,988"
MARANDA,0.00%,"12,988"
CORY,0.00%,"12,988"
BRIGETTE,0.00%,"12,988"
SANJUANA,0.00%,"12,988"
MARITA,0.00%,"12,988"
KASSANDRA,0.00%,"12,988"
JOYCELYN,0.00%,"12,988"
IRA,0.00%,"12,988"
FELIPA,0.00%,"12,988"
CHELSIE,0.00%,"12,988"
BONNY,0.00%,"12,988"
MIREYA,0.00%,"12,988"
LORENZA,0.00%,"12,988"
KYONG,0.00%,"12,988"
ILEANA,0.00%,"12,988"
CANDELARIA,0.00%,"12,988"
TONY,0.00%,"12,988"
TOBY,0.00%,"12,988"
SHERIE,0.00%,"12,988"
OK,0.00%,"12,988"
MARK,0.00%,"12,988"
LUCIE,0.00%,"12,988"
LEATRICE,0.00%,"12,988"
LAKESHIA,0.00%,"12,988"
GERDA,0.00%,"12,988"
EDIE,0.00%,"12,988"
BAMBI,0.00%,"12,988"
MARYLIN,0.00%,"12,988"
LAVON,0.00%,"12,988"
HORTENSE,0.00%,"12,988"
GARNET,0.00%,"12,988"
EVIE,0.00%,"12,988"
TRESSA,0.00%,"12,988"
SHAYNA,0.00%,"12,988"
LAVINA,0.00%,"12,988"
KYUNG,0.00%,"12,988"
JEANETTA,0.00%,"12,988"
SHERRILL,0.00%,"12,988"
SHARA,0.00%,"12,988"
PHYLISS,0.00%,"12,988"
MITTIE,0.00%,"12,988"
ANABEL,0.00%,"12,988"
ALESIA,0.00%,"12,988"
THUY,0.00%,"12,988"
TAWANDA,0.00%,"12,988"
RICHARD,0.00%,"12,988"
JOANIE,0.00%,"12,988"
TIFFANIE,0.00%,"12,988"
LASHANDA,0.00%,"12,988"
KARISSA,0.00%,"12,988"
ENRIQUETA,0.00%,"12,988"
DARIA,0.00%,"12,988"
DANIELLA,0.00%,"12,988"
CORINNA,0.00%,"12,988"
ALANNA,0.00%,"12,988"
ABBEY,0.00%,"12,988"
ROXANE,0.00%,"12,988"
ROSEANNA,0.00%,"12,988"
MAGNOLIA,0.00%,"12,988"
LIDA,0.00%,"12,988"
KYLE,0.00%,"12,988"
JOELLEN,0.00%,"12,988"
ERA,0.00%,"12,988"
CORAL,0.00%,"12,988"
CARLEEN,0.00%,"12,988"
TRESA,0.00%,"12,988"
PEGGIE,0.00%,"12,988"
NOVELLA,0.00%,"12,988"
NILA,0.00%,"12,988"
MAYBELLE,0.00%,"12,988"
JENELLE,0.00%,"12,988"
CARINA,0.00%,"12,988"
NOVA,0.00%,"12,988"
MELINA,0.00%,"12,988"
MARQUERITE,0.00%,"12,988"
MARGARETTE,0.00%,"12,988"
JOSEPHINA,0.00%,"12,988"
EVONNE,0.00%,"12,988"
DEVIN,0.00%,"12,988"
CINTHIA,0.00%,"12,988"
ALBINA,0.00%,"12,988"
TOYA,0.00%,"12,988"
TAWNYA,0.00%,"12,988"
SHERITA,0.00%,"12,988"
SANTOS,0.00%,"12,988"
MYRIAM,0.00%,"12,988"
LIZABETH,0.00%,"12,988"
LISE,0.00%,"12,988"
KEELY,0.00%,"12,988"
JENNI,0.00%,"12,988"
GISELLE,0.00%,"12,988"
CHERYLE,0.00%,"12,988"
ARDITH,0.00%,"12,988"
ARDIS,0.00%,"12,988"
ALESHA,0.00%,"12,988"
ADRIANE,0.00%,"12,988"
SHAINA,0.00%,"12,988"
LINNEA,0.00%,"12,988"
KAROLYN,0.00%,"12,988"
HONG,0.00%,"12,988"
FLORIDA,0.00%,"12,988"
FELISHA,0.00%,"12,988"
DORI,0.00%,"12,988"
DARCI,0.00%,"12,988"
ARTIE,0.00%,"12,988"
ARMIDA,0.00%,"12,988"
ZOLA,0.00%,"12,988"
XIOMARA,0.00%,"12,988"
VERGIE,0.00%,"12,988"
SHAMIKA,0.00%,"12,988"
NENA,0.00%,"12,988"
NANNETTE,0.00%,"12,988"
MAXIE,0.00%,"12,988"
LOVIE,0.00%,"12,988"
JEANE,0.00%,"12,988"
JAIMIE,0.00%,"12,988"
INGE,0.00%,"12,988"
FARRAH,0.00%,"12,988"
ELAINA,0.00%,"12,988"
CAITLYN,0.00%,"12,988"
STARR,0.00%,"12,988"
FELICITAS,0.00%,"12,988"
CHERLY,0.00%,"12,988"
CARYL,0.00%,"12,988"
YOLONDA,0.00%,"12,988"
YASMIN,0.00%,"12,988"
TEENA,0.00%,"12,988"
PRUDENCE,0.00%,"12,988"
PENNIE,0.00%,"12,988"
NYDIA,0.00%,"12,988"
MACKENZIE,0.00%,"12,988"
ORPHA,0.00%,"12,988"
MARVEL,0.00%,"12,988"
LIZBETH,0.00%,"12,988"
LAURETTE,0.00%,"12,988"
JERRIE,0.00%,"12,988"
HERMELINDA,0.00%,"12,988"
CAROLEE,0.00%,"12,988"
TIERRA,0.00%,"12,988"
MIRIAN,0.00%,"12,988"
META,0.00%,"12,988"
MELONY,0.00%,"12,988"
KORI,0.00%,"12,988"
JENNETTE,0.00%,"12,988"
JAMILA,0.00%,"12,988"
ENA,0.00%,"12,988"
ANH,0.00%,"12,988"
YOSHIKO,0.00%,"12,988"
SUSANNAH,0.00%,"12,988"
SALINA,0.00%,"12,988"
RHIANNON,0.00%,"12,988"
JOLEEN,0.00%,"12,988"
CRISTINE,0.00%,"12,988"
ASHTON,0.00%,"12,988"
ARACELY,0.00%,"12,988"
TOMEKA,0.00%,"12,988"
SHALONDA,0.00%,"12,988"
MARTI,0.00%,"12,988"
LACIE,0.00%,"12,988"
KALA,0.00%,"12,988"
JADA,0.00%,"12,988"
ILSE,0.00%,"12,988"
HAILEY,0.00%,"12,988"
BRITTANI,0.00%,"12,988"
ZONA,0.00%,"9,741"
SYBLE,0.00%,"9,741"
SHERRYL,0.00%,"9,741"
RANDY,0.00%,"9,741"
NIDIA,0.00%,"9,741"
MARLO,0.00%,"9,741"
KANDICE,0.00%,"9,741"
KANDI,0.00%,"9,741"
DEB,0.00%,"9,741"
DEAN,0.00%,"9,741"
AMERICA,0.00%,"9,741"
ALYCIA,0.00%,"9,741"
TOMMY,0.00%,"9,741"
RONNA,0.00%,"9,741"
NORENE,0.00%,"9,741"
MERCY,0.00%,"9,741"
JOSE,0.00%,"9,741"
INGEBORG,0.00%,"9,741"
GIOVANNA,0.00%,"9,741"
GEMMA,0.00%,"9,741"
CHRISTEL,0.00%,"9,741"
AUDRY,0.00%,"9,741"
ZORA,0.00%,"9,741"
VITA,0.00%,"9,741"
VAN,0.00%,"9,741"
TRISH,0.00%,"9,741"
STEPHAINE,0.00%,"9,741"
SHIRLEE,0.00%,"9,741"
SHANIKA,0.00%,"9,741"
MELONIE,0.00%,"9,741"
MAZIE,0.00%,"9,741"
JAZMIN,0.00%,"9,741"
INGA,0.00%,"9,741"
HOA,0.00%,"9,741"
HETTIE,0.00%,"9,741"
GERALYN,0.00%,"9,741"
FONDA,0.00%,"9,741"
ESTRELLA,0.00%,"9,741"
ADELLA,0.00%,"9,741"
SU,0.00%,"9,741"
SARITA,0.00%,"9,741"
RINA,0.00%,"9,741"
MILISSA,0.00%,"9,741"
MARIBETH,0.00%,"9,741"
GOLDA,0.00%,"9,741"
EVON,0.00%,"9,741"
ETHELYN,0.00%,"9,741"
ENEDINA,0.00%,"9,741"
CHERISE,0.00%,"9,741"
CHANA,0.00%,"9,741"
VELVA,0.00%,"9,741"
TAWANNA,0.00%,"9,741"
SADE,0.00%,"9,741"
MIRTA,0.00%,"9,741"
LI,0.00%,"9,741"
KARIE,0.00%,"9,741"
JACINTA,0.00%,"9,741"
ELNA,0.00%,"9,741"
DAVINA,0.00%,"9,741"
CIERRA,0.00%,"9,741"
ASHLIE,0.00%,"9,741"
ALBERTHA,0.00%,"9,741"
TANESHA,0.00%,"9,741"
STEPHANI,0.00%,"9,741"
NELLE,0.00%,"9,741"
MINDI,0.00%,"9,741"
LU,0.00%,"9,741"
LORINDA,0.00%,"9,741"
LARUE,0.00%,"9,741"
FLORENE,0.00%,"9,741"
DEMETRA,0.00%,"9,741"
DEDRA,0.00%,"9,741"
CIARA,0.00%,"9,741"
CHANTELLE,0.00%,"9,741"
ASHLY,0.00%,"9,741"
SUZY,0.00%,"9,741"
ROSALVA,0.00%,"9,741"
NOELIA,0.00%,"9,741"
LYDA,0.00%,"9,741"
LEATHA,0.00%,"9,741"
KRYSTYNA,0.00%,"9,741"
KRISTAN,0.00%,"9,741"
KARRI,0.00%,"9,741"
DARLINE,0.00%,"9,741"
DARCIE,0.00%,"9,741"
CINDA,0.00%,"9,741"
CHEYENNE,0.00%,"9,741"
CHERRIE,0.00%,"9,741"
AWILDA,0.00%,"9,741"
ALMEDA,0.00%,"9,741"
ROLANDA,0.00%,"9,741"
LANETTE,0.00%,"9,741"
JERILYN,0.00%,"9,741"
GISELE,0.00%,"9,741"
EVALYN,0.00%,"9,741"
CYNDI,0.00%,"9,741"
CLETA,0.00%,"9,741"
CARIN,0.00%,"9,741"
ZINA,0.00%,"9,741"
ZENA,0.00%,"9,741"
VELIA,0.00%,"9,741"
TANIKA,0.00%,"9,741"
PAUL,0.00%,"9,741"
CHARISSA,0.00%,"9,741"
THOMAS,0.00%,"9,741"
TALIA,0.00%,"9,741"
MARGARETE,0.00%,"9,741"
LAVONDA,0.00%,"9,741"
KAYLEE,0.00%,"9,741"
KATHLENE,0.00%,"9,741"
JONNA,0.00%,"9,741"
IRENA,0.00%,"9,741"
ILONA,0.00%,"9,741"
IDALIA,0.00%,"9,741"
CANDIS,0.00%,"9,741"
CANDANCE,0.00%,"9,741"
BRANDEE,0.00%,"9,741"
ANITRA,0.00%,"9,741"
ALIDA,0.00%,"9,741"
SIGRID,0.00%,"9,741"
NICOLETTE,0.00%,"9,741"
MARYJO,0.00%,"9,741"
LINETTE,0.00%,"9,741"
HEDWIG,0.00%,"9,741"
CHRISTIANA,0.00%,"9,741"
CASSIDY,0.00%,"9,741"
ALEXIA,0.00%,"9,741"
TRESSIE,0.00%,"9,741"
MODESTA,0.00%,"9,741"
LUPITA,0.00%,"9,741"
LITA,0.00%,"9,741"
GLADIS,0.00%,"9,741"
EVELIA,0.00%,"9,741"
DAVIDA,0.00%,"9,741"
CHERRI,0.00%,"9,741"
CECILY,0.00%,"9,741"
ASHELY,0.00%,"9,741"
ANNABEL,0.00%,"9,741"
AGUSTINA,0.00%,"9,741"
WANITA,0.00%,"9,741"
SHIRLY,0.00%,"9,741"
ROSAURA,0.00%,"9,741"
HULDA,0.00%,"9,741"
EUN,0.00%,"9,741"
BAILEY,0.00%,"9,741"
YETTA,0.00%,"9,741"
VERONA,0.00%,"9,741"
THOMASINA,0.00%,"9,741"
SIBYL,0.00%,"9,741"
SHANNAN,0.00%,"9,741"
MECHELLE,0.00%,"9,741"
LUE,0.00%,"9,741"
LEANDRA,0.00%,"9,741"
LANI,0.00%,"9,741"
KYLEE,0.00%,"9,741"
KANDY,0.00%,"9,741"
JOLYNN,0.00%,"9,741"
FERNE,0.00%,"9,741"
EBONI,0.00%,"9,741"
CORENE,0.00%,"9,741"
ALYSIA,0.00%,"9,741"
ZULA,0.00%,"9,741"
NADA,0.00%,"9,741"
MOIRA,0.00%,"9,741"
LYNDSAY,0.00%,"9,741"
LORRETTA,0.00%,"9,741"
JUAN,0.00%,"9,741"
JAMMIE,0.00%,"9,741"
HORTENSIA,0.00%,"9,741"
GAYNELL,0.00%,"9,741"
CAMERON,0.00%,"9,741"
ADRIA,0.00%,"9,741"
VINA,0.00%,"9,741"
VICENTA,0.00%,"9,741"
TANGELA,0.00%,"9,741"
STEPHINE,0.00%,"9,741"
NORINE,0.00%,"9,741"
NELLA,0.00%,"9,741"
LIANA,0.00%,"9,741"
LESLEE,0.00%,"9,741"
KIMBERELY,0.00%,"9,741"
ILIANA,0.00%,"9,741"
GLORY,0.00%,"9,741"
FELICA,0.00%,"9,741"
EMOGENE,0.00%,"9,741"
ELFRIEDE,0.00%,"9,741"
EDEN,0.00%,"9,741"
EARTHA,0.00%,"9,741"
CARMA,0.00%,"9,741"
BEA,0.00%,"9,741"
OCIE,0.00%,"9,741"
MARRY,0.00%,"9,741"
LENNIE,0.00%,"9,741"
KIARA,0.00%,"9,741"
JACALYN,0.00%,"9,741"
CARLOTA,0.00%,"9,741"
ARIELLE,0.00%,"9,741"
YU,0.00%,"9,741"
STAR,0.00%,"9,741"
OTILIA,0.00%,"9,741"
KIRSTIN,0.00%,"9,741"
KACEY,0.00%,"9,741"
JOHNETTA,0.00%,"9,741"
JOEY,0.00%,"9,741"
JOETTA,0.00%,"9,741"
JERALDINE,0.00%,"9,741"
JAUNITA,0.00%,"9,741"
ELANA,0.00%,"9,741"
DORTHEA,0.00%,"9,741"
CAMI,0.00%,"9,741"
AMADA,0.00%,"9,741"
ADELIA,0.00%,"9,741"
VERNITA,0.00%,"9,741"
TAMAR,0.00%,"9,741"
SIOBHAN,0.00%,"9,741"
RENEA,0.00%,"9,741"
RASHIDA,0.00%,"9,741"
OUIDA,0.00%,"9,741"
ODELL,0.00%,"9,741"
NILSA,0.00%,"9,741"
MERYL,0.00%,"9,741"
KRISTYN,0.00%,"9,741"
JULIETA,0.00%,"9,741"
DANICA,0.00%,"9,741"
BREANNE,0.00%,"9,741"
AUREA,0.00%,"9,741"
ANGLEA,0.00%,"9,741"
SHERRON,0.00%,"9,741"
ODETTE,0.00%,"9,741"
MALIA,0.00%,"9,741"
LORELEI,0.00%,"9,741"
LIN,0.00%,"9,741"
LEESA,0.00%,"9,741"
KENNA,0.00%,"9,741"
KATHLYN,0.00%,"9,741"
FIONA,0.00%,"9,741"
CHARLETTE,0.00%,"9,741"
SUZIE,0.00%,"9,741"
SHANTELL,0.00%,"9,741"
SABRA,0.00%,"9,741"
RACQUEL,0.00%,"9,741"
MYONG,0.00%,"9,741"
MIRA,0.00%,"9,741"
MARTINE,0.00%,"9,741"
LUCIENNE,0.00%,"9,741"
LAVADA,0.00%,"9,741"
JULIANN,0.00%,"9,741"
JOHNIE,0.00%,"9,741"
ELVERA,0.00%,"9,741"
DELPHIA,0.00%,"9,741"
CLAIR,0.00%,"9,741"
CHRISTIANE,0.00%,"9,741"
CHAROLETTE,0.00%,"9,741"
CARRI,0.00%,"9,741"
AUGUSTINE,0.00%,"9,741"
ASHA,0.00%,"9,741"
ANGELLA,0.00%,"9,741"
PAOLA,0.00%,"9,741"
NINFA,0.00%,"9,741"
LEDA,0.00%,"9,741"
LAI,0.00%,"9,741"
EDA,0.00%,"9,741"
SUNSHINE,0.00%,"9,741"
STEFANI,0.00%,"9,741"
SHANELL,0.00%,"9,741"
PALMA,0.00%,"9,741"
MACHELLE,0.00%,"9,741"
LISSA,0.00%,"9,741"
KECIA,0.00%,"9,741"
KATHRYNE,0.00%,"9,741"
KARLENE,0.00%,"9,741"
JULISSA,0.00%,"9,741"
JETTIE,0.00%,"9,741"
JENNIFFER,0.00%,"9,741"
HUI,0.00%,"9,741"
CORRINA,0.00%,"9,741"
CHRISTOPHER,0.00%,"9,741"
CAROLANN,0.00%,"9,741"
ALENA,0.00%,"9,741"
TESS,0.00%,"9,741"
ROSARIA,0.00%,"9,741"
MYRTICE,0.00%,"9,741"
MARYLEE,0.00%,"9,741"
LIANE,0.00%,"9,741"
KENYATTA,0.00%,"9,741"
JUDIE,0.00%,"9,741"
JANEY,0.00%,"9,741"
ELMIRA,0.00%,"9,741"
ELDORA,0.00%,"9,741"
DENNA,0.00%,"9,741"
CRISTI,0.00%,"9,741"
CATHI,0.00%,"9,741"
ZAIDA,0.00%,"9,741"
VONNIE,0.00%,"9,741"
VIVA,0.00%,"9,741"
VERNIE,0.00%,"9,741"
ROSALINE,0.00%,"9,741"
MARIELA,0.00%,"9,741"
LUCIANA,0.00%,"9,741"
LESLI,0.00%,"9,741"
KARAN,0.00%,"9,741"
FELICE,0.00%,"9,741"
DENEEN,0.00%,"9,741"
ADINA,0.00%,"9,741"
WYNONA,0.00%,"9,741"
TARSHA,0.00%,"9,741"
SHERON,0.00%,"9,741"
SHASTA,0.00%,"9,741"
JAMES,3.32%,"10,773,473"
JOHN,3.27%,"10,620,865"
ROBERT,3.14%,"10,205,252"
MICHAEL,2.63%,"8,536,305"
WILLIAM,2.45%,"7,958,343"
DAVID,2.36%,"7,672,609"
RICHARD,1.70%,"5,529,603"
CHARLES,1.52%,"4,945,147"
JOSEPH,1.40%,"4,558,757"
THOMAS,1.38%,"4,480,830"
CHRISTOPHER,1.04%,"3,360,622"
DANIEL,0.97%,"3,162,557"
PAUL,0.95%,"3,078,135"
MARK,0.94%,"3,045,665"
DONALD,0.93%,"3,022,936"
GEORGE,0.93%,"3,009,949"
KENNETH,0.83%,"2,682,004"
STEVEN,0.78%,"2,532,643"
EDWARD,0.78%,"2,529,396"
BRIAN,0.74%,"2,389,776"
RONALD,0.73%,"2,354,059"
ANTHONY,0.72%,"2,341,071"
KEVIN,0.67%,"2,178,722"
JASON,0.66%,"2,143,005"
MATTHEW,0.66%,"2,133,265"
GARY,0.65%,"2,110,536"
TIMOTHY,0.64%,"2,078,066"
JOSE,0.61%,"1,990,397"
LARRY,0.60%,"1,941,693"
JEFFREY,0.59%,"1,918,964"
FRANK,0.58%,"1,886,494"
SCOTT,0.55%,"1,772,850"
ERIC,0.54%,"1,766,356"
STEPHEN,0.54%,"1,753,368"
ANDREW,0.54%,"1,743,627"
RAYMOND,0.49%,"1,584,525"
GREGORY,0.44%,"1,431,917"
JOSHUA,0.44%,"1,412,435"
JERRY,0.43%,"1,402,694"
DENNIS,0.42%,"1,347,496"
WALTER,0.40%,"1,295,544"
PATRICK,0.39%,"1,263,074"
PETER,0.38%,"1,237,099"
HAROLD,0.37%,"1,204,629"
DOUGLAS,0.37%,"1,191,641"
HENRY,0.37%,"1,185,147"
CARL,0.35%,"1,123,454"
ARTHUR,0.34%,"1,087,738"
RYAN,0.33%,"1,065,009"
ROGER,0.32%,"1,045,527"
JOE,0.32%,"1,042,280"
JUAN,0.32%,"1,026,045"
JACK,0.32%,"1,022,798"
ALBERT,0.31%,"1,019,551"
JONATHAN,0.31%,"1,016,304"
JUSTIN,0.31%,"1,009,810"
TERRY,0.31%,"1,009,810"
GERALD,0.31%,"1,003,316"
KEITH,0.31%,"1,000,069"
SAMUEL,0.31%,"993,575"
WILLIE,0.30%,"980,587"
RALPH,0.28%,"915,648"
LAWRENCE,0.28%,"915,648"
NICHOLAS,0.28%,"892,919"
ROY,0.27%,"886,425"
BENJAMIN,0.27%,"876,684"
BRUCE,0.26%,"853,955"
BRANDON,0.26%,"844,214"
ADAM,0.26%,"840,967"
HARRY,0.25%,"814,991"
FRED,0.25%,"814,991"
WAYNE,0.25%,"808,498"
BILLY,0.25%,"805,251"
STEVE,0.25%,"798,757"
LOUIS,0.24%,"789,016"
JEREMY,0.24%,"785,769"
AARON,0.24%,"779,275"
RANDY,0.23%,"753,299"
HOWARD,0.23%,"746,805"
EUGENE,0.23%,"746,805"
CARLOS,0.23%,"743,558"
RUSSELL,0.22%,"727,323"
BOBBY,0.22%,"724,076"
VICTOR,0.22%,"720,829"
MARTIN,0.22%,"701,347"
ERNEST,0.22%,"698,100"
PHILLIP,0.21%,"691,606"
TODD,0.21%,"691,606"
JESSE,0.21%,"678,618"
CRAIG,0.21%,"668,877"
ALAN,0.20%,"662,384"
SHAWN,0.20%,"649,396"
CLARENCE,0.20%,"639,655"
SEAN,0.20%,"639,655"
PHILIP,0.20%,"639,655"
CHRIS,0.20%,"639,655"
JOHNNY,0.20%,"633,161"
EARL,0.19%,"626,667"
JIMMY,0.19%,"620,173"
ANTONIO,0.19%,"616,926"
DANNY,0.19%,"616,926"
BRYAN,0.19%,"616,926"
TONY,0.19%,"616,926"
LUIS,0.19%,"613,679"
MIKE,0.19%,"613,679"
STANLEY,0.19%,"603,938"
LEONARD,0.19%,"603,938"
NATHAN,0.19%,"600,691"
DALE,0.18%,"597,444"
MANUEL,0.18%,"587,703"
RODNEY,0.18%,"584,456"
CURTIS,0.18%,"584,456"
NORMAN,0.18%,"574,715"
ALLEN,0.17%,"564,974"
MARVIN,0.17%,"555,233"
VINCENT,0.17%,"545,492"
GLENN,0.17%,"542,245"
JEFFERY,0.17%,"538,998"
TRAVIS,0.17%,"538,998"
JEFF,0.17%,"538,998"
CHAD,0.17%,"535,751"
JACOB,0.17%,"535,751"
LEE,0.16%,"526,010"
MELVIN,0.16%,"526,010"
ALFRED,0.16%,"526,010"
KYLE,0.16%,"519,516"
FRANCIS,0.16%,"519,516"
BRADLEY,0.16%,"516,269"
JESUS,0.16%,"503,282"
HERBERT,0.16%,"503,282"
FREDERICK,0.15%,"500,035"
RAY,0.15%,"496,788"
JOEL,0.15%,"493,541"
EDWIN,0.15%,"480,553"
DON,0.15%,"470,812"
EDDIE,0.14%,"467,565"
RICKY,0.14%,"457,824"
TROY,0.14%,"448,083"
RANDALL,0.14%,"448,083"
BARRY,0.13%,"435,095"
ALEXANDER,0.13%,"428,601"
BERNARD,0.13%,"412,366"
MARIO,0.13%,"405,872"
LEROY,0.13%,"405,872"
FRANCISCO,0.12%,"402,625"
MARCUS,0.12%,"402,625"
MICHEAL,0.12%,"399,378"
THEODORE,0.12%,"399,378"
CLIFFORD,0.12%,"399,378"
MIGUEL,0.12%,"396,131"
OSCAR,0.12%,"396,131"
JAY,0.12%,"383,143"
JIM,0.12%,"383,143"
TOM,0.12%,"379,896"
CALVIN,0.12%,"373,402"
ALEX,0.12%,"373,402"
JON,0.12%,"373,402"
RONNIE,0.11%,"366,909"
BILL,0.11%,"363,662"
LLOYD,0.11%,"363,662"
TOMMY,0.11%,"363,662"
LEON,0.11%,"363,662"
DEREK,0.11%,"363,662"
WARREN,0.11%,"357,168"
DARRELL,0.11%,"350,674"
JEROME,0.11%,"350,674"
FLOYD,0.11%,"347,427"
LEO,0.11%,"344,180"
ALVIN,0.11%,"340,933"
TIM,0.10%,"337,686"
WESLEY,0.10%,"337,686"
GORDON,0.10%,"337,686"
DEAN,0.10%,"337,686"
GREG,0.10%,"337,686"
JORGE,0.10%,"337,686"
DUSTIN,0.10%,"334,439"
PEDRO,0.10%,"334,439"
DERRICK,0.10%,"334,439"
DAN,0.10%,"327,945"
LEWIS,0.10%,"321,451"
ZACHARY,0.10%,"321,451"
COREY,0.10%,"318,204"
HERMAN,0.10%,"314,957"
MAURICE,0.10%,"314,957"
VERNON,0.10%,"314,957"
ROBERTO,0.10%,"314,957"
CLYDE,0.10%,"308,463"
GLEN,0.09%,"305,216"
HECTOR,0.09%,"305,216"
SHANE,0.09%,"301,969"
RICARDO,0.09%,"301,969"
SAM,0.09%,"298,722"
RICK,0.09%,"295,475"
LESTER,0.09%,"295,475"
BRENT,0.09%,"292,228"
RAMON,0.09%,"292,228"
CHARLIE,0.09%,"292,228"
TYLER,0.09%,"288,981"
GILBERT,0.09%,"288,981"
GENE,0.09%,"282,487"
MARC,0.09%,"282,487"
REGINALD,0.08%,"272,746"
RUBEN,0.08%,"266,252"
BRETT,0.08%,"266,252"
ANGEL,0.08%,"266,252"
NATHANIEL,0.08%,"263,005"
RAFAEL,0.08%,"263,005"
LESLIE,0.08%,"263,005"
EDGAR,0.08%,"259,758"
MILTON,0.08%,"259,758"
RAUL,0.08%,"256,511"
BEN,0.08%,"253,264"
CHESTER,0.08%,"253,264"
CECIL,0.08%,"253,264"
DUANE,0.08%,"250,017"
FRANKLIN,0.08%,"250,017"
ANDRE,0.08%,"246,770"
ELMER,0.07%,"240,276"
BRAD,0.07%,"237,029"
GABRIEL,0.07%,"237,029"
RON,0.07%,"233,782"
MITCHELL,0.07%,"233,782"
ROLAND,0.07%,"233,782"
ARNOLD,0.07%,"233,782"
HARVEY,0.07%,"233,782"
JARED,0.07%,"230,535"
ADRIAN,0.07%,"224,041"
KARL,0.07%,"224,041"
CORY,0.07%,"220,795"
CLAUDE,0.07%,"220,795"
ERIK,0.07%,"220,795"
DARRYL,0.07%,"217,548"
JAMIE,0.07%,"214,301"
NEIL,0.07%,"214,301"
JESSIE,0.07%,"211,054"
CHRISTIAN,0.07%,"211,054"
JAVIER,0.07%,"211,054"
FERNANDO,0.07%,"211,054"
CLINTON,0.07%,"211,054"
TED,0.06%,"207,807"
MATHEW,0.06%,"207,807"
TYRONE,0.06%,"207,807"
DARREN,0.06%,"207,807"
LONNIE,0.06%,"207,807"
LANCE,0.06%,"204,560"
CODY,0.06%,"204,560"
JULIO,0.06%,"204,560"
KELLY,0.06%,"204,560"
KURT,0.06%,"201,313"
ALLAN,0.06%,"198,066"
NELSON,0.06%,"198,066"
GUY,0.06%,"194,819"
CLAYTON,0.06%,"194,819"
HUGH,0.06%,"194,819"
MAX,0.06%,"191,572"
DWAYNE,0.06%,"191,572"
DWIGHT,0.06%,"188,325"
ARMANDO,0.06%,"188,325"
FELIX,0.06%,"188,325"
JIMMIE,0.06%,"188,325"
EVERETT,0.06%,"185,078"
JORDAN,0.06%,"181,831"
IAN,0.06%,"181,831"
WALLACE,0.06%,"181,831"
KEN,0.06%,"178,584"
BOB,0.06%,"178,584"
JAIME,0.06%,"178,584"
CASEY,0.05%,"175,337"
ALFREDO,0.05%,"175,337"
ALBERTO,0.05%,"172,090"
DAVE,0.05%,"172,090"
IVAN,0.05%,"172,090"
JOHNNIE,0.05%,"168,843"
SIDNEY,0.05%,"168,843"
BYRON,0.05%,"168,843"
JULIAN,0.05%,"168,843"
ISAAC,0.05%,"165,596"
MORRIS,0.05%,"165,596"
CLIFTON,0.05%,"162,349"
WILLARD,0.05%,"162,349"
DARYL,0.05%,"162,349"
ROSS,0.05%,"162,349"
VIRGIL,0.05%,"159,102"
ANDY,0.05%,"159,102"
MARSHALL,0.05%,"159,102"
SALVADOR,0.05%,"159,102"
PERRY,0.05%,"159,102"
KIRK,0.05%,"159,102"
SERGIO,0.05%,"159,102"
MARION,0.05%,"155,855"
TRACY,0.05%,"155,855"
SETH,0.05%,"155,855"
KENT,0.05%,"155,855"
TERRANCE,0.05%,"155,855"
RENE,0.05%,"155,855"
EDUARDO,0.05%,"152,608"
TERRENCE,0.05%,"152,608"
ENRIQUE,0.05%,"149,361"
FREDDIE,0.05%,"149,361"
WADE,0.05%,"146,114"
AUSTIN,0.04%,"142,867"
STUART,0.04%,"142,867"
FREDRICK,0.04%,"139,620"
ARTURO,0.04%,"139,620"
ALEJANDRO,0.04%,"139,620"
JACKIE,0.04%,"139,620"
JOEY,0.04%,"139,620"
NICK,0.04%,"139,620"
LUTHER,0.04%,"139,620"
WENDELL,0.04%,"136,373"
JEREMIAH,0.04%,"136,373"
EVAN,0.04%,"136,373"
JULIUS,0.04%,"136,373"
DANA,0.04%,"136,373"
DONNIE,0.04%,"133,126"
OTIS,0.04%,"133,126"
SHANNON,0.04%,"129,879"
TREVOR,0.04%,"129,879"
OLIVER,0.04%,"129,879"
LUKE,0.04%,"129,879"
HOMER,0.04%,"129,879"
GERARD,0.04%,"129,879"
DOUG,0.04%,"129,879"
KENNY,0.04%,"126,632"
HUBERT,0.04%,"126,632"
ANGELO,0.04%,"126,632"
SHAUN,0.04%,"126,632"
LYLE,0.04%,"123,385"
MATT,0.04%,"123,385"
LYNN,0.04%,"123,385"
ALFONSO,0.04%,"123,385"
ORLANDO,0.04%,"120,138"
REX,0.04%,"120,138"
CARLTON,0.04%,"120,138"
ERNESTO,0.04%,"120,138"
CAMERON,0.04%,"120,138"
NEAL,0.04%,"120,138"
PABLO,0.04%,"116,891"
LORENZO,0.04%,"116,891"
OMAR,0.04%,"116,891"
WILBUR,0.04%,"116,891"
BLAKE,0.04%,"116,891"
GRANT,0.04%,"116,891"
HORACE,0.04%,"116,891"
RODERICK,0.04%,"116,891"
KERRY,0.04%,"116,891"
ABRAHAM,0.04%,"113,644"
WILLIS,0.04%,"113,644"
RICKEY,0.04%,"113,644"
JEAN,0.04%,"113,644"
IRA,0.04%,"113,644"
ANDRES,0.03%,"110,397"
CESAR,0.03%,"110,397"
JOHNATHAN,0.03%,"110,397"
MALCOLM,0.03%,"110,397"
RUDOLPH,0.03%,"110,397"
DAMON,0.03%,"110,397"
KELVIN,0.03%,"110,397"
RUDY,0.03%,"110,397"
PRESTON,0.03%,"110,397"
ALTON,0.03%,"107,150"
ARCHIE,0.03%,"107,150"
MARCO,0.03%,"107,150"
WM,0.03%,"107,150"
PETE,0.03%,"103,903"
RANDOLPH,0.03%,"103,903"
GARRY,0.03%,"103,903"
GEOFFREY,0.03%,"103,903"
JONATHON,0.03%,"103,903"
FELIPE,0.03%,"103,903"
BENNIE,0.03%,"103,903"
GERARDO,0.03%,"103,903"
ED,0.03%,"103,903"
DOMINIC,0.03%,"103,903"
ROBIN,0.03%,"103,903"
LOREN,0.03%,"103,903"
DELBERT,0.03%,"100,656"
COLIN,0.03%,"100,656"
GUILLERMO,0.03%,"100,656"
EARNEST,0.03%,"100,656"
LUCAS,0.03%,"100,656"
BENNY,0.03%,"97,409"
NOEL,0.03%,"97,409"
SPENCER,0.03%,"97,409"
RODOLFO,0.03%,"97,409"
MYRON,0.03%,"97,409"
EDMUND,0.03%,"97,409"
GARRETT,0.03%,"94,162"
SALVATORE,0.03%,"94,162"
CEDRIC,0.03%,"94,162"
LOWELL,0.03%,"94,162"
GREGG,0.03%,"94,162"
SHERMAN,0.03%,"90,915"
WILSON,0.03%,"90,915"
DEVIN,0.03%,"90,915"
SYLVESTER,0.03%,"90,915"
KIM,0.03%,"90,915"
ROOSEVELT,0.03%,"90,915"
ISRAEL,0.03%,"90,915"
JERMAINE,0.03%,"90,915"
FORREST,0.03%,"87,668"
WILBERT,0.03%,"87,668"
LELAND,0.03%,"87,668"
SIMON,0.03%,"84,421"
GUADALUPE,0.03%,"84,421"
CLARK,0.03%,"84,421"
IRVING,0.03%,"84,421"
CARROLL,0.03%,"84,421"
BRYANT,0.03%,"84,421"
OWEN,0.03%,"84,421"
RUFUS,0.03%,"81,174"
WOODROW,0.03%,"81,174"
SAMMY,0.03%,"81,174"
KRISTOPHER,0.03%,"81,174"
MACK,0.03%,"81,174"
LEVI,0.03%,"81,174"
MARCOS,0.03%,"81,174"
GUSTAVO,0.03%,"81,174"
JAKE,0.03%,"81,174"
LIONEL,0.02%,"77,927"
MARTY,0.02%,"77,927"
TAYLOR,0.02%,"77,927"
ELLIS,0.02%,"77,927"
DALLAS,0.02%,"77,927"
GILBERTO,0.02%,"77,927"
CLINT,0.02%,"77,927"
NICOLAS,0.02%,"77,927"
LAURENCE,0.02%,"77,927"
ISMAEL,0.02%,"77,927"
ORVILLE,0.02%,"77,927"
DREW,0.02%,"77,927"
JODY,0.02%,"77,927"
ERVIN,0.02%,"74,680"
DEWEY,0.02%,"74,680"
AL,0.02%,"74,680"
WILFRED,0.02%,"74,680"
JOSH,0.02%,"74,680"
HUGO,0.02%,"74,680"
IGNACIO,0.02%,"74,680"
CALEB,0.02%,"74,680"
TOMAS,0.02%,"74,680"
SHELDON,0.02%,"74,680"
ERICK,0.02%,"74,680"
FRANKIE,0.02%,"74,680"
STEWART,0.02%,"71,434"
DOYLE,0.02%,"71,434"
DARREL,0.02%,"71,434"
ROGELIO,0.02%,"71,434"
TERENCE,0.02%,"71,434"
SANTIAGO,0.02%,"71,434"
ALONZO,0.02%,"71,434"
ELIAS,0.02%,"71,434"
BERT,0.02%,"71,434"
ELBERT,0.02%,"71,434"
RAMIRO,0.02%,"71,434"
CONRAD,0.02%,"71,434"
PAT,0.02%,"71,434"
NOAH,0.02%,"71,434"
GRADY,0.02%,"68,187"
PHIL,0.02%,"68,187"
CORNELIUS,0.02%,"68,187"
LAMAR,0.02%,"68,187"
ROLANDO,0.02%,"68,187"
CLAY,0.02%,"68,187"
PERCY,0.02%,"68,187"
DEXTER,0.02%,"68,187"
BRADFORD,0.02%,"68,187"
MERLE,0.02%,"68,187"
DARIN,0.02%,"64,940"
AMOS,0.02%,"64,940"
TERRELL,0.02%,"64,940"
MOSES,0.02%,"64,940"
IRVIN,0.02%,"64,940"
SAUL,0.02%,"64,940"
ROMAN,0.02%,"64,940"
DARNELL,0.02%,"64,940"
RANDAL,0.02%,"64,940"
TOMMIE,0.02%,"64,940"
TIMMY,0.02%,"61,693"
DARRIN,0.02%,"61,693"
WINSTON,0.02%,"61,693"
BRENDAN,0.02%,"61,693"
TOBY,0.02%,"61,693"
VAN,0.02%,"61,693"
ABEL,0.02%,"61,693"
DOMINICK,0.02%,"61,693"
BOYD,0.02%,"61,693"
COURTNEY,0.02%,"61,693"
JAN,0.02%,"61,693"
EMILIO,0.02%,"61,693"
ELIJAH,0.02%,"61,693"
CARY,0.02%,"61,693"
DOMINGO,0.02%,"61,693"
SANTOS,0.02%,"61,693"
AUBREY,0.02%,"61,693"
EMMETT,0.02%,"61,693"
MARLON,0.02%,"61,693"
EMANUEL,0.02%,"61,693"
JERALD,0.02%,"61,693"
EDMOND,0.02%,"61,693"
EMIL,0.02%,"61,693"
DEWAYNE,0.02%,"58,446"
WILL,0.02%,"58,446"
OTTO,0.02%,"58,446"
TEDDY,0.02%,"58,446"
REYNALDO,0.02%,"58,446"
BRET,0.02%,"58,446"
MORGAN,0.02%,"58,446"
JESS,0.02%,"58,446"
TRENT,0.02%,"58,446"
HUMBERTO,0.02%,"58,446"
EMMANUEL,0.02%,"58,446"
STEPHAN,0.02%,"58,446"
LOUIE,0.02%,"58,446"
VICENTE,0.02%,"55,199"
LAMONT,0.02%,"55,199"
STACY,0.02%,"55,199"
GARLAND,0.02%,"55,199"
MILES,0.02%,"55,199"
MICAH,0.02%,"55,199"
EFRAIN,0.02%,"55,199"
BILLIE,0.02%,"55,199"
LOGAN,0.02%,"55,199"
HEATH,0.02%,"55,199"
RODGER,0.02%,"55,199"
HARLEY,0.02%,"55,199"
DEMETRIUS,0.02%,"55,199"
ETHAN,0.02%,"55,199"
ELDON,0.02%,"55,199"
ROCKY,0.02%,"51,952"
PIERRE,0.02%,"51,952"
JUNIOR,0.02%,"51,952"
FREDDY,0.02%,"51,952"
ELI,0.02%,"51,952"
BRYCE,0.02%,"51,952"
ANTOINE,0.02%,"51,952"
ROBBIE,0.02%,"51,952"
KENDALL,0.02%,"51,952"
ROYCE,0.02%,"51,952"
STERLING,0.02%,"51,952"
MICKEY,0.02%,"51,952"
CHASE,0.02%,"51,952"
GROVER,0.02%,"51,952"
ELTON,0.02%,"51,952"
CLEVELAND,0.02%,"51,952"
DYLAN,0.02%,"51,952"
CHUCK,0.02%,"51,952"
DAMIAN,0.02%,"51,952"
REUBEN,0.02%,"48,705"
STAN,0.02%,"48,705"
AUGUST,0.02%,"48,705"
LEONARDO,0.02%,"48,705"
JASPER,0.02%,"48,705"
RUSSEL,0.02%,"48,705"
ERWIN,0.02%,"48,705"
BENITO,0.02%,"48,705"
HANS,0.02%,"48,705"
MONTE,0.02%,"48,705"
BLAINE,0.02%,"48,705"
ERNIE,0.02%,"48,705"
CURT,0.02%,"48,705"
QUENTIN,0.02%,"48,705"
AGUSTIN,0.02%,"48,705"
MURRAY,0.02%,"48,705"
JAMAL,0.01%,"45,458"
DEVON,0.01%,"45,458"
ADOLFO,0.01%,"45,458"
HARRISON,0.01%,"45,458"
TYSON,0.01%,"45,458"
BURTON,0.01%,"45,458"
BRADY,0.01%,"45,458"
ELLIOTT,0.01%,"45,458"
WILFREDO,0.01%,"45,458"
BART,0.01%,"45,458"
JARROD,0.01%,"45,458"
VANCE,0.01%,"45,458"
DENIS,0.01%,"45,458"
DAMIEN,0.01%,"45,458"
JOAQUIN,0.01%,"45,458"
HARLAN,0.01%,"45,458"
DESMOND,0.01%,"45,458"
ELLIOT,0.01%,"45,458"
DARWIN,0.01%,"45,458"
ASHLEY,0.01%,"45,458"
GREGORIO,0.01%,"45,458"
BUDDY,0.01%,"45,458"
XAVIER,0.01%,"42,211"
KERMIT,0.01%,"42,211"
ROSCOE,0.01%,"42,211"
ESTEBAN,0.01%,"42,211"
ANTON,0.01%,"42,211"
SOLOMON,0.01%,"42,211"
SCOTTY,0.01%,"42,211"
NORBERT,0.01%,"42,211"
ELVIN,0.01%,"42,211"
WILLIAMS,0.01%,"42,211"
NOLAN,0.01%,"42,211"
CAREY,0.01%,"42,211"
ROD,0.01%,"42,211"
QUINTON,0.01%,"42,211"
HAL,0.01%,"42,211"
BRAIN,0.01%,"42,211"
ROB,0.01%,"42,211"
ELWOOD,0.01%,"42,211"
KENDRICK,0.01%,"42,211"
DARIUS,0.01%,"42,211"
MOISES,0.01%,"42,211"
SON,0.01%,"38,964"
MARLIN,0.01%,"38,964"
FIDEL,0.01%,"38,964"
THADDEUS,0.01%,"38,964"
CLIFF,0.01%,"38,964"
MARCEL,0.01%,"38,964"
ALI,0.01%,"38,964"
JACKSON,0.01%,"38,964"
RAPHAEL,0.01%,"38,964"
BRYON,0.01%,"38,964"
ARMAND,0.01%,"38,964"
ALVARO,0.01%,"38,964"
JEFFRY,0.01%,"38,964"
DANE,0.01%,"38,964"
JOESPH,0.01%,"38,964"
THURMAN,0.01%,"38,964"
NED,0.01%,"38,964"
SAMMIE,0.01%,"38,964"
RUSTY,0.01%,"38,964"
MICHEL,0.01%,"38,964"
MONTY,0.01%,"38,964"
RORY,0.01%,"38,964"
FABIAN,0.01%,"38,964"
REGGIE,0.01%,"38,964"
MASON,0.01%,"38,964"
GRAHAM,0.01%,"38,964"
KRIS,0.01%,"35,717"
ISAIAH,0.01%,"35,717"
VAUGHN,0.01%,"35,717"
GUS,0.01%,"35,717"
AVERY,0.01%,"35,717"
LOYD,0.01%,"35,717"
DIEGO,0.01%,"35,717"
ALEXIS,0.01%,"35,717"
ADOLPH,0.01%,"35,717"
NORRIS,0.01%,"35,717"
MILLARD,0.01%,"35,717"
ROCCO,0.01%,"35,717"
GONZALO,0.01%,"35,717"
DERICK,0.01%,"35,717"
RODRIGO,0.01%,"35,717"
GERRY,0.01%,"35,717"
STACEY,0.01%,"35,717"
CARMEN,0.01%,"35,717"
WILEY,0.01%,"35,717"
RIGOBERTO,0.01%,"35,717"
ALPHONSO,0.01%,"35,717"
TY,0.01%,"35,717"
SHELBY,0.01%,"35,717"
RICKIE,0.01%,"35,717"
NOE,0.01%,"35,717"
VERN,0.01%,"32,470"
BOBBIE,0.01%,"32,470"
REED,0.01%,"32,470"
JEFFERSON,0.01%,"32,470"
ELVIS,0.01%,"32,470"
BERNARDO,0.01%,"32,470"
MAURICIO,0.01%,"32,470"
HIRAM,0.01%,"32,470"
DONOVAN,0.01%,"32,470"
BASIL,0.01%,"32,470"
RILEY,0.01%,"32,470"
OLLIE,0.01%,"32,470"
NICKOLAS,0.01%,"32,470"
MAYNARD,0.01%,"32,470"
SCOT,0.01%,"32,470"
VINCE,0.01%,"32,470"
QUINCY,0.01%,"32,470"
EDDY,0.01%,"32,470"
SEBASTIAN,0.01%,"32,470"
FEDERICO,0.01%,"32,470"
ULYSSES,0.01%,"32,470"
HERIBERTO,0.01%,"32,470"
DONNELL,0.01%,"32,470"
COLE,0.01%,"32,470"
DENNY,0.01%,"32,470"
DAVIS,0.01%,"32,470"
GAVIN,0.01%,"32,470"
EMERY,0.01%,"32,470"
WARD,0.01%,"32,470"
ROMEO,0.01%,"32,470"
JAYSON,0.01%,"32,470"
DION,0.01%,"32,470"
DANTE,0.01%,"32,470"
CLEMENT,0.01%,"32,470"
COY,0.01%,"32,470"
ODELL,0.01%,"32,470"
MAXWELL,0.01%,"32,470"
JARVIS,0.01%,"32,470"
BRUNO,0.01%,"32,470"
ISSAC,0.01%,"32,470"
MARY,0.01%,"29,223"
DUDLEY,0.01%,"29,223"
BROCK,0.01%,"29,223"
SANFORD,0.01%,"29,223"
COLBY,0.01%,"29,223"
CARMELO,0.01%,"29,223"
BARNEY,0.01%,"29,223"
NESTOR,0.01%,"29,223"
HOLLIS,0.01%,"29,223"
STEFAN,0.01%,"29,223"
DONNY,0.01%,"29,223"
ART,0.01%,"29,223"
LINWOOD,0.01%,"29,223"
BEAU,0.01%,"29,223"
WELDON,0.01%,"29,223"
GALEN,0.01%,"29,223"
ISIDRO,0.01%,"29,223"
TRUMAN,0.01%,"29,223"
DELMAR,0.01%,"29,223"
JOHNATHON,0.01%,"29,223"
SILAS,0.01%,"29,223"
FREDERIC,0.01%,"29,223"
DICK,0.01%,"29,223"
KIRBY,0.01%,"29,223"
IRWIN,0.01%,"29,223"
CRUZ,0.01%,"29,223"
MERLIN,0.01%,"29,223"
MERRILL,0.01%,"29,223"
CHARLEY,0.01%,"29,223"
MARCELINO,0.01%,"29,223"
LANE,0.01%,"29,223"
HARRIS,0.01%,"29,223"
CLEO,0.01%,"29,223"
CARLO,0.01%,"29,223"
TRENTON,0.01%,"29,223"
KURTIS,0.01%,"29,223"
HUNTER,0.01%,"29,223"
AURELIO,0.01%,"29,223"
WINFRED,0.01%,"29,223"
VITO,0.01%,"29,223"
COLLIN,0.01%,"29,223"
DENVER,0.01%,"29,223"
CARTER,0.01%,"29,223"
LEONEL,0.01%,"25,976"
EMORY,0.01%,"25,976"
PASQUALE,0.01%,"25,976"
MOHAMMAD,0.01%,"25,976"
MARIANO,0.01%,"25,976"
DANIAL,0.01%,"25,976"
BLAIR,0.01%,"25,976"
LANDON,0.01%,"25,976"
DIRK,0.01%,"25,976"
BRANDEN,0.01%,"25,976"
ADAN,0.01%,"25,976"
NUMBERS,0.01%,"25,976"
CLAIR,0.01%,"25,976"
BUFORD,0.01%,"25,976"
GERMAN,0.01%,"25,976"
BERNIE,0.01%,"25,976"
WILMER,0.01%,"25,976"
JOAN,0.01%,"25,976"
EMERSON,0.01%,"25,976"
ZACHERY,0.01%,"25,976"
FLETCHER,0.01%,"25,976"
JACQUES,0.01%,"25,976"
ERROL,0.01%,"25,976"
DALTON,0.01%,"25,976"
MONROE,0.01%,"25,976"
JOSUE,0.01%,"25,976"
DOMINIQUE,0.01%,"25,976"
EDWARDO,0.01%,"25,976"
BOOKER,0.01%,"25,976"
WILFORD,0.01%,"25,976"
SONNY,0.01%,"25,976"
SHELTON,0.01%,"25,976"
CARSON,0.01%,"25,976"
THERON,0.01%,"25,976"
RAYMUNDO,0.01%,"25,976"
DAREN,0.01%,"25,976"
TRISTAN,0.01%,"25,976"
HOUSTON,0.01%,"25,976"
ROBBY,0.01%,"25,976"
LINCOLN,0.01%,"25,976"
JAME,0.01%,"25,976"
GENARO,0.01%,"25,976"
GALE,0.01%,"25,976"
BENNETT,0.01%,"25,976"
OCTAVIO,0.01%,"25,976"
CORNELL,0.01%,"25,976"
LAVERNE,0.01%,"25,976"
HUNG,0.01%,"25,976"
ARRON,0.01%,"25,976"
ANTONY,0.01%,"25,976"
HERSCHEL,0.01%,"22,729"
ALVA,0.01%,"22,729"
GIOVANNI,0.01%,"22,729"
GARTH,0.01%,"22,729"
CYRUS,0.01%,"22,729"
CYRIL,0.01%,"22,729"
RONNY,0.01%,"22,729"
STEVIE,0.01%,"22,729"
LON,0.01%,"22,729"
FREEMAN,0.01%,"22,729"
ERIN,0.01%,"22,729"
DUNCAN,0.01%,"22,729"
KENNITH,0.01%,"22,729"
CARMINE,0.01%,"22,729"
AUGUSTINE,0.01%,"22,729"
YOUNG,0.01%,"22,729"
ERICH,0.01%,"22,729"
CHADWICK,0.01%,"22,729"
WILBURN,0.01%,"22,729"
RUSS,0.01%,"22,729"
REID,0.01%,"22,729"
MYLES,0.01%,"22,729"
ANDERSON,0.01%,"22,729"
MORTON,0.01%,"22,729"
JONAS,0.01%,"22,729"
FOREST,0.01%,"22,729"
MITCHEL,0.01%,"22,729"
MERVIN,0.01%,"22,729"
ZANE,0.01%,"22,729"
RICH,0.01%,"22,729"
JAMEL,0.01%,"22,729"
LAZARO,0.01%,"22,729"
ALPHONSE,0.01%,"22,729"
RANDELL,0.01%,"22,729"
MAJOR,0.01%,"22,729"
JOHNIE,0.01%,"22,729"
JARRETT,0.01%,"22,729"
BROOKS,0.01%,"22,729"
ARIEL,0.01%,"22,729"
ABDUL,0.01%,"22,729"
DUSTY,0.01%,"22,729"
LUCIANO,0.01%,"22,729"
LINDSEY,0.01%,"22,729"
TRACEY,0.01%,"22,729"
SEYMOUR,0.01%,"22,729"
SCOTTIE,0.01%,"22,729"
EUGENIO,0.01%,"22,729"
MOHAMMED,0.01%,"22,729"
SANDY,0.01%,"22,729"
VALENTIN,0.01%,"22,729"
CHANCE,0.01%,"22,729"
ARNULFO,0.01%,"22,729"
LUCIEN,0.01%,"22,729"
FERDINAND,0.01%,"22,729"
THAD,0.01%,"22,729"
EZRA,0.01%,"22,729"
SYDNEY,0.01%,"22,729"
ALDO,0.01%,"22,729"
RUBIN,0.01%,"19,482"
ROYAL,0.01%,"19,482"
MITCH,0.01%,"19,482"
EARLE,0.01%,"19,482"
ABE,0.01%,"19,482"
WYATT,0.01%,"19,482"
MARQUIS,0.01%,"19,482"
LANNY,0.01%,"19,482"
KAREEM,0.01%,"19,482"
JAMAR,0.01%,"19,482"
BORIS,0.01%,"19,482"
ISIAH,0.01%,"19,482"
EMILE,0.01%,"19,482"
ELMO,0.01%,"19,482"
ARON,0.01%,"19,482"
LEOPOLDO,0.01%,"19,482"
EVERETTE,0.01%,"19,482"
JOSEF,0.01%,"19,482"
GAIL,0.01%,"19,482"
ELOY,0.01%,"19,482"
DORIAN,0.01%,"19,482"
RODRICK,0.01%,"19,482"
REINALDO,0.01%,"19,482"
LUCIO,0.01%,"19,482"
JERROD,0.01%,"19,482"
WESTON,0.01%,"19,482"
HERSHEL,0.01%,"19,482"
BARTON,0.01%,"19,482"
PARKER,0.01%,"19,482"
LEMUEL,0.01%,"19,482"
LAVERN,0.01%,"19,482"
BURT,0.01%,"19,482"
JULES,0.01%,"19,482"
GIL,0.01%,"19,482"
ELISEO,0.01%,"19,482"
AHMAD,0.01%,"19,482"
NIGEL,0.01%,"19,482"
EFREN,0.01%,"19,482"
ANTWAN,0.01%,"19,482"
ALDEN,0.01%,"19,482"
MARGARITO,0.01%,"19,482"
COLEMAN,0.01%,"19,482"
REFUGIO,0.01%,"19,482"
DINO,0.01%,"19,482"
OSVALDO,0.01%,"19,482"
LES,0.01%,"19,482"
DEANDRE,0.01%,"19,482"
NORMAND,0.01%,"19,482"
KIETH,0.01%,"19,482"
IVORY,0.01%,"19,482"
ANDREA,0.01%,"19,482"
TREY,0.01%,"19,482"
NORBERTO,0.01%,"19,482"
NAPOLEON,0.01%,"19,482"
JEROLD,0.01%,"19,482"
FRITZ,0.01%,"19,482"
ROSENDO,0.01%,"19,482"
MILFORD,0.01%,"19,482"
SANG,0.01%,"19,482"
DEON,0.01%,"19,482"
CHRISTOPER,0.01%,"19,482"
ALFONZO,0.01%,"19,482"
LYMAN,0.01%,"19,482"
JOSIAH,0.01%,"19,482"
BRANT,0.01%,"19,482"
WILTON,0.01%,"19,482"
RICO,0.01%,"19,482"
JAMAAL,0.01%,"19,482"
DEWITT,0.01%,"19,482"
CAROL,0.01%,"19,482"
BRENTON,0.01%,"19,482"
YONG,0.01%,"19,482"
OLIN,0.01%,"19,482"
FOSTER,0.01%,"19,482"
FAUSTINO,0.01%,"19,482"
CLAUDIO,0.01%,"19,482"
JUDSON,0.01%,"19,482"
GINO,0.01%,"19,482"
EDGARDO,0.01%,"19,482"
BERRY,0.01%,"19,482"
ALEC,0.01%,"19,482"
TANNER,0.01%,"19,482"
JARRED,0.01%,"19,482"
DONN,0.01%,"19,482"
TRINIDAD,0.01%,"16,235"
TAD,0.01%,"16,235"
SHIRLEY,0.01%,"16,235"
PRINCE,0.01%,"16,235"
PORFIRIO,0.01%,"16,235"
ODIS,0.01%,"16,235"
MARIA,0.01%,"16,235"
LENARD,0.01%,"16,235"
CHAUNCEY,0.01%,"16,235"
CHANG,0.01%,"16,235"
TOD,0.01%,"16,235"
MEL,0.01%,"16,235"
MARCELO,0.01%,"16,235"
KORY,0.01%,"16,235"
AUGUSTUS,0.01%,"16,235"
KEVEN,0.01%,"16,235"
HILARIO,0.01%,"16,235"
BUD,0.01%,"16,235"
SAL,0.01%,"16,235"
ROSARIO,0.01%,"16,235"
ORVAL,0.01%,"16,235"
MAURO,0.01%,"16,235"
DANNIE,0.01%,"16,235"
ZACHARIAH,0.01%,"16,235"
OLEN,0.01%,"16,235"
ANIBAL,0.01%,"16,235"
MILO,0.01%,"16,235"
JED,0.01%,"16,235"
FRANCES,0.01%,"16,235"
THANH,0.01%,"16,235"
DILLON,0.01%,"16,235"
AMADO,0.01%,"16,235"
NEWTON,0.01%,"16,235"
CONNIE,0.01%,"16,235"
LENNY,0.01%,"16,235"
TORY,0.01%,"16,235"
RICHIE,0.01%,"16,235"
LUPE,0.01%,"16,235"
HORACIO,0.01%,"16,235"
BRICE,0.01%,"16,235"
MOHAMED,0.01%,"16,235"
DELMER,0.01%,"16,235"
DARIO,0.01%,"16,235"
REYES,0.01%,"16,235"
DEE,0.01%,"16,235"
MAC,0.01%,"16,235"
JONAH,0.01%,"16,235"
JERROLD,0.01%,"16,235"
ROBT,0.01%,"16,235"
HANK,0.01%,"16,235"
SUNG,0.01%,"16,235"
RUPERT,0.01%,"16,235"
ROLLAND,0.01%,"16,235"
KENTON,0.01%,"16,235"
DAMION,0.01%,"16,235"
CHI,0.01%,"16,235"
ANTONE,0.01%,"16,235"
WALDO,0.01%,"16,235"
FREDRIC,0.01%,"16,235"
BRADLY,0.01%,"16,235"
QUINN,0.01%,"16,235"
KIP,0.01%,"16,235"
BURL,0.01%,"16,235"
WALKER,0.01%,"16,235"
TYREE,0.01%,"16,235"
JEFFEREY,0.01%,"16,235"
AHMED,0.01%,"16,235"
WILLY,0.01%,"16,235"
STANFORD,0.01%,"16,235"
OREN,0.01%,"16,235"
NOBLE,0.01%,"16,235"
MOSHE,0.01%,"16,235"
MIKEL,0.01%,"16,235"
ENOCH,0.01%,"16,235"
BRENDON,0.01%,"16,235"
QUINTIN,0.01%,"16,235"
JAMISON,0.01%,"16,235"
FLORENCIO,0.01%,"16,235"
DARRICK,0.01%,"16,235"
TOBIAS,0.01%,"16,235"
MINH,0.01%,"16,235"
HASSAN,0.01%,"16,235"
GIUSEPPE,0.01%,"16,235"
DEMARCUS,0.01%,"16,235"
CLETUS,0.01%,"16,235"
TYRELL,0.01%,"16,235"
LYNDON,0.01%,"16,235"
KEENAN,0.01%,"16,235"
WERNER,0.01%,"16,235"
THEO,0.01%,"16,235"
GERALDO,0.01%,"16,235"
LOU,0.01%,"16,235"
COLUMBUS,0.01%,"16,235"
CHET,0.01%,"16,235"
BERTRAM,0.01%,"16,235"
MARKUS,0.01%,"16,235"
HUEY,0.01%,"16,235"
HILTON,0.01%,"16,235"
DWAIN,0.01%,"16,235"
DONTE,0.01%,"16,235"
TYRON,0.01%,"16,235"
OMER,0.01%,"16,235"
ISAIAS,0.01%,"16,235"
HIPOLITO,0.01%,"16,235"
FERMIN,0.01%,"16,235"
CHUNG,0.01%,"16,235"
ADALBERTO,0.01%,"16,235"
VALENTINE,0.01%,"16,235"
JAMEY,0.01%,"16,235"
BO,0.01%,"16,235"
BARRETT,0.01%,"16,235"
WHITNEY,0.01%,"16,235"
TEODORO,0.01%,"16,235"
MCKINLEY,0.01%,"16,235"
MAXIMO,0.01%,"16,235"
GARFIELD,0.01%,"16,235"
SOL,0.01%,"16,235"
RALEIGH,0.01%,"16,235"
LAWERENCE,0.01%,"16,235"
ABRAM,0.01%,"16,235"
RASHAD,0.00%,"12,988"
KING,0.00%,"12,988"
EMMITT,0.00%,"12,988"
DARON,0.00%,"12,988"
CHONG,0.00%,"12,988"
SAMUAL,0.00%,"12,988"
PARIS,0.00%,"12,988"
OTHA,0.00%,"12,988"
MIQUEL,0.00%,"12,988"
LACY,0.00%,"12,988"
EUSEBIO,0.00%,"12,988"
DONG,0.00%,"12,988"
DOMENIC,0.00%,"12,988"
DARRON,0.00%,"12,988"
BUSTER,0.00%,"12,988"
ANTONIA,0.00%,"12,988"
WILBER,0.00%,"12,988"
RENATO,0.00%,"12,988"
JC,0.00%,"12,988"
HOYT,0.00%,"12,988"
HAYWOOD,0.00%,"12,988"
EZEKIEL,0.00%,"12,988"
CHAS,0.00%,"12,988"
FLORENTINO,0.00%,"12,988"
ELROY,0.00%,"12,988"
CLEMENTE,0.00%,"12,988"
ARDEN,0.00%,"12,988"
NEVILLE,0.00%,"12,988"
KELLEY,0.00%,"12,988"
EDISON,0.00%,"12,988"
DESHAWN,0.00%,"12,988"
CARROL,0.00%,"12,988"
SHAYNE,0.00%,"12,988"
NATHANIAL,0.00%,"12,988"
JORDON,0.00%,"12,988"
DANILO,0.00%,"12,988"
CLAUD,0.00%,"12,988"
VAL,0.00%,"12,988"
SHERWOOD,0.00%,"12,988"
RAYMON,0.00%,"12,988"
RAYFORD,0.00%,"12,988"
CRISTOBAL,0.00%,"12,988"
AMBROSE,0.00%,"12,988"
TITUS,0.00%,"12,988"
HYMAN,0.00%,"12,988"
FELTON,0.00%,"12,988"
EZEQUIEL,0.00%,"12,988"
ERASMO,0.00%,"12,988"
STANTON,0.00%,"12,988"
LONNY,0.00%,"12,988"
LEN,0.00%,"12,988"
IKE,0.00%,"12,988"
MILAN,0.00%,"12,988"
LINO,0.00%,"12,988"
JAROD,0.00%,"12,988"
HERB,0.00%,"12,988"
ANDREAS,0.00%,"12,988"
WALTON,0.00%,"12,988"
RHETT,0.00%,"12,988"
PALMER,0.00%,"12,988"
JUDE,0.00%,"12,988"
DOUGLASS,0.00%,"12,988"
CORDELL,0.00%,"12,988"
OSWALDO,0.00%,"12,988"
ELLSWORTH,0.00%,"12,988"
VIRGILIO,0.00%,"12,988"
TONEY,0.00%,"12,988"
NATHANAEL,0.00%,"12,988"
DEL,0.00%,"12,988"
BRITT,0.00%,"12,988"
BENEDICT,0.00%,"12,988"
MOSE,0.00%,"12,988"
HONG,0.00%,"12,988"
LEIGH,0.00%,"12,988"
JOHNSON,0.00%,"12,988"
ISREAL,0.00%,"12,988"
GAYLE,0.00%,"12,988"
GARRET,0.00%,"12,988"
FAUSTO,0.00%,"12,988"
ASA,0.00%,"12,988"
ARLEN,0.00%,"12,988"
ZACK,0.00%,"12,988"
WARNER,0.00%,"12,988"
MODESTO,0.00%,"12,988"
FRANCESCO,0.00%,"12,988"
MANUAL,0.00%,"12,988"
JAE,0.00%,"12,988"
GAYLORD,0.00%,"12,988"
GASTON,0.00%,"12,988"
FILIBERTO,0.00%,"12,988"
DEANGELO,0.00%,"12,988"
MICHALE,0.00%,"12,988"
GRANVILLE,0.00%,"12,988"
WES,0.00%,"12,988"
MALIK,0.00%,"12,988"
ZACKARY,0.00%,"12,988"
TUAN,0.00%,"12,988"
NICKY,0.00%,"12,988"
ELDRIDGE,0.00%,"12,988"
CRISTOPHER,0.00%,"12,988"
CORTEZ,0.00%,"12,988"
ANTIONE,0.00%,"12,988"
MALCOM,0.00%,"12,988"
LONG,0.00%,"12,988"
KOREY,0.00%,"12,988"
JOSPEH,0.00%,"12,988"
COLTON,0.00%,"12,988"
WAYLON,0.00%,"12,988"
VON,0.00%,"12,988"
HOSEA,0.00%,"12,988"
SHAD,0.00%,"12,988"
SANTO,0.00%,"12,988"
RUDOLF,0.00%,"12,988"
ROLF,0.00%,"12,988"
REY,0.00%,"12,988"
RENALDO,0.00%,"12,988"
MARCELLUS,0.00%,"12,988"
LUCIUS,0.00%,"12,988"
LESLEY,0.00%,"12,988"
KRISTOFER,0.00%,"12,988"
BOYCE,0.00%,"12,988"
BENTON,0.00%,"12,988"
MAN,0.00%,"12,988"
KASEY,0.00%,"12,988"
JEWELL,0.00%,"12,988"
HAYDEN,0.00%,"12,988"
HARLAND,0.00%,"12,988"
ARNOLDO,0.00%,"12,988"
RUEBEN,0.00%,"12,988"
LEANDRO,0.00%,"12,988"
KRAIG,0.00%,"12,988"
JERRELL,0.00%,"12,988"
JEROMY,0.00%,"12,988"
HOBERT,0.00%,"12,988"
CEDRICK,0.00%,"12,988"
ARLIE,0.00%,"12,988"
WINFORD,0.00%,"12,988"
WALLY,0.00%,"12,988"
PATRICIA,0.00%,"12,988"
LUIGI,0.00%,"12,988"
KENETH,0.00%,"12,988"
JACINTO,0.00%,"12,988"
GRAIG,0.00%,"12,988"
FRANKLYN,0.00%,"12,988"
EDMUNDO,0.00%,"12,988"
SID,0.00%,"12,988"
PORTER,0.00%,"12,988"